<?xml version="1.0" encoding="UTF-8" standalone="yes"?>
<objectModel
    xsi:schemaLocation="http://standards.ieee.org/IEEE1516-2010
      http://standards.ieee.org/downloads/1516/1516.2-2010/IEEE1516-DIF-2010.xsd"
    xmlns="http://standards.ieee.org/IEEE1516-2010" 
    xmlns:xsi="http://www.w3.org/2001/XMLSchema-instance">
    <modelIdentification>
        <name>SupervisoryController</name>
        <type>SOM</type>
        <version>0.1.0</version>
        <modificationDate>2018-10-07</modificationDate>
        <securityClassification>Unclassified</securityClassification>
        <description>
            This file was generated from WebGME based on the federate
            SupervisoryController in the TEChallenge
            project.
        </description>
        <poc>
            <pocType>Primary author</pocType>
            <pocOrg>org.webgme.guest</pocOrg>
        </poc>
    </modelIdentification>
    <objects>
        <objectClass>
            <name>ObjectRoot</name>
            <sharing>Neither</sharing>
            <objectClass>
                <name>MarketStatus</name>
                <sharing>Subscribe</sharing>
                <attribute>
                    <name>price</name>
                    <dataType>float</dataType>
                    <updateType>NA</updateType>
                    <ownership>NoTransfer</ownership>
                    <sharing>Subscribe</sharing>
                    <transportation>HLAreliable</transportation>
                    <order>TimeStamp</order>
                </attribute>
                <attribute>
                    <name>time</name>
                    <dataType>int</dataType>
                    <updateType>NA</updateType>
                    <ownership>NoTransfer</ownership>
                    <sharing>Subscribe</sharing>
                    <transportation>HLAreliable</transportation>
                    <order>TimeStamp</order>
                </attribute>
                <attribute>
                    <name>type</name>
                    <dataType>String</dataType>
                    <updateType>NA</updateType>
                    <ownership>NoTransfer</ownership>
                    <sharing>Subscribe</sharing>
                    <transportation>HLAreliable</transportation>
                    <order>TimeStamp</order>
                </attribute>
            </objectClass>
            <objectClass>
                <name>Quote</name>
                <sharing>Subscribe</sharing>
                <attribute>
                    <name>price</name>
                    <dataType>float</dataType>
                    <updateType>NA</updateType>
                    <ownership>NoTransfer</ownership>
                    <sharing>Subscribe</sharing>
                    <transportation>HLAreliable</transportation>
                    <order>TimeStamp</order>
                </attribute>
                <attribute>
                    <name>quantity</name>
                    <dataType>float</dataType>
                    <updateType>NA</updateType>
                    <ownership>NoTransfer</ownership>
                    <sharing>Subscribe</sharing>
                    <transportation>HLAreliable</transportation>
                    <order>TimeStamp</order>
                </attribute>
                <attribute>
                    <name>quoteId</name>
                    <dataType>int</dataType>
                    <updateType>NA</updateType>
                    <ownership>NoTransfer</ownership>
                    <sharing>Subscribe</sharing>
                    <transportation>HLAreliable</transportation>
                    <order>TimeStamp</order>
                </attribute>
                <attribute>
                    <name>timeReference</name>
                    <dataType>int</dataType>
                    <updateType>NA</updateType>
                    <ownership>NoTransfer</ownership>
                    <sharing>Subscribe</sharing>
                    <transportation>HLAreliable</transportation>
                    <order>TimeStamp</order>
                </attribute>
                <attribute>
                    <name>type</name>
                    <dataType>String</dataType>
                    <updateType>NA</updateType>
                    <ownership>NoTransfer</ownership>
                    <sharing>Subscribe</sharing>
                    <transportation>HLAreliable</transportation>
                    <order>TimeStamp</order>
                </attribute>
            </objectClass>
            <objectClass>
                <name>ResourcesPhysicalStatus</name>
                <sharing>Subscribe</sharing>
                <attribute>
                    <name>current_Imaginary_A</name>
                    <dataType>float</dataType>
                    <updateType>NA</updateType>
                    <ownership>NoTransfer</ownership>
                    <sharing>Subscribe</sharing>
                    <transportation>HLAreliable</transportation>
                    <order>TimeStamp</order>
                </attribute>
                <attribute>
                    <name>current_Imaginary_B</name>
                    <dataType>float</dataType>
                    <updateType>NA</updateType>
                    <ownership>NoTransfer</ownership>
                    <sharing>Subscribe</sharing>
                    <transportation>HLAreliable</transportation>
                    <order>TimeStamp</order>
                </attribute>
                <attribute>
                    <name>current_Imaginary_C</name>
                    <dataType>float</dataType>
                    <updateType>NA</updateType>
                    <ownership>NoTransfer</ownership>
                    <sharing>Subscribe</sharing>
                    <transportation>HLAreliable</transportation>
                    <order>TimeStamp</order>
                </attribute>
                <attribute>
                    <name>current_Real_A</name>
                    <dataType>float</dataType>
                    <updateType>NA</updateType>
                    <ownership>NoTransfer</ownership>
                    <sharing>Subscribe</sharing>
                    <transportation>HLAreliable</transportation>
                    <order>TimeStamp</order>
                </attribute>
                <attribute>
                    <name>current_Real_B</name>
                    <dataType>float</dataType>
                    <updateType>NA</updateType>
                    <ownership>NoTransfer</ownership>
                    <sharing>Subscribe</sharing>
                    <transportation>HLAreliable</transportation>
                    <order>TimeStamp</order>
                </attribute>
                <attribute>
                    <name>current_Real_C</name>
                    <dataType>float</dataType>
                    <updateType>NA</updateType>
                    <ownership>NoTransfer</ownership>
                    <sharing>Subscribe</sharing>
                    <transportation>HLAreliable</transportation>
                    <order>TimeStamp</order>
                </attribute>
                <attribute>
                    <name>gridNodeId</name>
                    <dataType>String</dataType>
                    <updateType>NA</updateType>
                    <ownership>NoTransfer</ownership>
                    <sharing>Subscribe</sharing>
                    <transportation>HLAreliable</transportation>
                    <order>TimeStamp</order>
                </attribute>
                <attribute>
                    <name>impedance_Imaginary_A</name>
                    <dataType>float</dataType>
                    <updateType>NA</updateType>
                    <ownership>NoTransfer</ownership>
                    <sharing>Subscribe</sharing>
                    <transportation>HLAreliable</transportation>
                    <order>TimeStamp</order>
                </attribute>
                <attribute>
                    <name>impedance_Imaginary_B</name>
                    <dataType>float</dataType>
                    <updateType>NA</updateType>
                    <ownership>NoTransfer</ownership>
                    <sharing>Subscribe</sharing>
                    <transportation>HLAreliable</transportation>
                    <order>TimeStamp</order>
                </attribute>
                <attribute>
                    <name>impedance_Imaginary_C</name>
                    <dataType>float</dataType>
                    <updateType>NA</updateType>
                    <ownership>NoTransfer</ownership>
                    <sharing>Subscribe</sharing>
                    <transportation>HLAreliable</transportation>
                    <order>TimeStamp</order>
                </attribute>
                <attribute>
                    <name>impedance_Real_A</name>
                    <dataType>float</dataType>
                    <updateType>NA</updateType>
                    <ownership>NoTransfer</ownership>
                    <sharing>Subscribe</sharing>
                    <transportation>HLAreliable</transportation>
                    <order>TimeStamp</order>
                </attribute>
                <attribute>
                    <name>impedance_Real_B</name>
                    <dataType>float</dataType>
                    <updateType>NA</updateType>
                    <ownership>NoTransfer</ownership>
                    <sharing>Subscribe</sharing>
                    <transportation>HLAreliable</transportation>
                    <order>TimeStamp</order>
                </attribute>
                <attribute>
                    <name>impedance_Real_C</name>
                    <dataType>float</dataType>
                    <updateType>NA</updateType>
                    <ownership>NoTransfer</ownership>
                    <sharing>Subscribe</sharing>
                    <transportation>HLAreliable</transportation>
                    <order>TimeStamp</order>
                </attribute>
                <attribute>
                    <name>loadInstanceName</name>
                    <dataType>String</dataType>
                    <updateType>NA</updateType>
                    <ownership>NoTransfer</ownership>
                    <sharing>Subscribe</sharing>
                    <transportation>HLAreliable</transportation>
                    <order>TimeStamp</order>
                </attribute>
                <attribute>
                    <name>name</name>
                    <dataType>String</dataType>
                    <updateType>NA</updateType>
                    <ownership>NoTransfer</ownership>
                    <sharing>Subscribe</sharing>
                    <transportation>HLAreliable</transportation>
                    <order>TimeStamp</order>
                </attribute>
                <attribute>
                    <name>phases</name>
                    <dataType>String</dataType>
                    <updateType>NA</updateType>
                    <ownership>NoTransfer</ownership>
                    <sharing>Subscribe</sharing>
                    <transportation>HLAreliable</transportation>
                    <order>TimeStamp</order>
                </attribute>
                <attribute>
                    <name>power_Imaginary_A</name>
                    <dataType>float</dataType>
                    <updateType>NA</updateType>
                    <ownership>NoTransfer</ownership>
                    <sharing>Subscribe</sharing>
                    <transportation>HLAreliable</transportation>
                    <order>TimeStamp</order>
                </attribute>
                <attribute>
                    <name>power_Imaginary_B</name>
                    <dataType>float</dataType>
                    <updateType>NA</updateType>
                    <ownership>NoTransfer</ownership>
                    <sharing>Subscribe</sharing>
                    <transportation>HLAreliable</transportation>
                    <order>TimeStamp</order>
                </attribute>
                <attribute>
                    <name>power_Imaginary_C</name>
                    <dataType>float</dataType>
                    <updateType>NA</updateType>
                    <ownership>NoTransfer</ownership>
                    <sharing>Subscribe</sharing>
                    <transportation>HLAreliable</transportation>
                    <order>TimeStamp</order>
                </attribute>
                <attribute>
                    <name>power_Real_A</name>
                    <dataType>float</dataType>
                    <updateType>NA</updateType>
                    <ownership>NoTransfer</ownership>
                    <sharing>Subscribe</sharing>
                    <transportation>HLAreliable</transportation>
                    <order>TimeStamp</order>
                </attribute>
                <attribute>
                    <name>power_Real_B</name>
                    <dataType>float</dataType>
                    <updateType>NA</updateType>
                    <ownership>NoTransfer</ownership>
                    <sharing>Subscribe</sharing>
                    <transportation>HLAreliable</transportation>
                    <order>TimeStamp</order>
                </attribute>
                <attribute>
                    <name>power_Real_C</name>
                    <dataType>float</dataType>
                    <updateType>NA</updateType>
                    <ownership>NoTransfer</ownership>
                    <sharing>Subscribe</sharing>
                    <transportation>HLAreliable</transportation>
                    <order>TimeStamp</order>
                </attribute>
                <attribute>
                    <name>status</name>
                    <dataType>boolean</dataType>
                    <updateType>NA</updateType>
                    <ownership>NoTransfer</ownership>
                    <sharing>Subscribe</sharing>
                    <transportation>HLAreliable</transportation>
                    <order>TimeStamp</order>
                </attribute>
                <attribute>
                    <name>type</name>
                    <dataType>String</dataType>
                    <updateType>NA</updateType>
                    <ownership>NoTransfer</ownership>
                    <sharing>Subscribe</sharing>
                    <transportation>HLAreliable</transportation>
                    <order>TimeStamp</order>
                </attribute>
                <attribute>
                    <name>voltage_Imaginary_A</name>
                    <dataType>float</dataType>
                    <updateType>NA</updateType>
                    <ownership>NoTransfer</ownership>
                    <sharing>Subscribe</sharing>
                    <transportation>HLAreliable</transportation>
                    <order>TimeStamp</order>
                </attribute>
                <attribute>
                    <name>voltage_Imaginary_B</name>
                    <dataType>float</dataType>
                    <updateType>NA</updateType>
                    <ownership>NoTransfer</ownership>
                    <sharing>Subscribe</sharing>
                    <transportation>HLAreliable</transportation>
                    <order>TimeStamp</order>
                </attribute>
                <attribute>
                    <name>voltage_Imaginary_C</name>
                    <dataType>float</dataType>
                    <updateType>NA</updateType>
                    <ownership>NoTransfer</ownership>
                    <sharing>Subscribe</sharing>
                    <transportation>HLAreliable</transportation>
                    <order>TimeStamp</order>
                </attribute>
                <attribute>
                    <name>voltage_Real_A</name>
                    <dataType>float</dataType>
                    <updateType>NA</updateType>
                    <ownership>NoTransfer</ownership>
                    <sharing>Subscribe</sharing>
                    <transportation>HLAreliable</transportation>
                    <order>TimeStamp</order>
                </attribute>
                <attribute>
                    <name>voltage_Real_B</name>
                    <dataType>float</dataType>
                    <updateType>NA</updateType>
                    <ownership>NoTransfer</ownership>
                    <sharing>Subscribe</sharing>
                    <transportation>HLAreliable</transportation>
                    <order>TimeStamp</order>
                </attribute>
                <attribute>
                    <name>voltage_Real_C</name>
                    <dataType>float</dataType>
                    <updateType>NA</updateType>
                    <ownership>NoTransfer</ownership>
                    <sharing>Subscribe</sharing>
                    <transportation>HLAreliable</transportation>
                    <order>TimeStamp</order>
                </attribute>
            </objectClass>
            <objectClass>
                <name>SupervisoryControlSignal</name>
                <sharing>Publish</sharing>
                <attribute>
                    <name>localControllerName</name>
                    <dataType>String</dataType>
                    <updateType>NA</updateType>
                    <ownership>NoTransfer</ownership>
                    <sharing>Publish</sharing>
                    <transportation>HLAreliable</transportation>
                    <order>TimeStamp</order>
                </attribute>
                <attribute>
                    <name>modulationSignal</name>
                    <dataType>float</dataType>
                    <updateType>NA</updateType>
                    <ownership>NoTransfer</ownership>
                    <sharing>Publish</sharing>
                    <transportation>HLAreliable</transportation>
                    <order>TimeStamp</order>
                </attribute>
            </objectClass>
            <objectClass>
                <name>Tender</name>
                <sharing>Publish</sharing>
                <attribute>
                    <name>price</name>
                    <dataType>float</dataType>
                    <updateType>NA</updateType>
                    <ownership>NoTransfer</ownership>
                    <sharing>Publish</sharing>
                    <transportation>HLAreliable</transportation>
                    <order>TimeStamp</order>
                </attribute>
                <attribute>
                    <name>quantity</name>
                    <dataType>float</dataType>
                    <updateType>NA</updateType>
                    <ownership>NoTransfer</ownership>
                    <sharing>Publish</sharing>
                    <transportation>HLAreliable</transportation>
                    <order>TimeStamp</order>
                </attribute>
                <attribute>
                    <name>tenderId</name>
                    <dataType>int</dataType>
                    <updateType>NA</updateType>
                    <ownership>NoTransfer</ownership>
                    <sharing>Publish</sharing>
                    <transportation>HLAreliable</transportation>
                    <order>TimeStamp</order>
                </attribute>
                <attribute>
                    <name>timeReference</name>
                    <dataType>int</dataType>
                    <updateType>NA</updateType>
                    <ownership>NoTransfer</ownership>
                    <sharing>Publish</sharing>
                    <transportation>HLAreliable</transportation>
                    <order>TimeStamp</order>
                </attribute>
                <attribute>
                    <name>type</name>
                    <dataType>String</dataType>
                    <updateType>NA</updateType>
                    <ownership>NoTransfer</ownership>
                    <sharing>Publish</sharing>
                    <transportation>HLAreliable</transportation>
                    <order>TimeStamp</order>
                </attribute>
            </objectClass>
            <objectClass>
                <name>Transaction</name>
                <sharing>Subscribe</sharing>
                <attribute>
                    <name>accept</name>
                    <dataType>boolean</dataType>
                    <updateType>NA</updateType>
                    <ownership>NoTransfer</ownership>
                    <sharing>Subscribe</sharing>
                    <transportation>HLAreliable</transportation>
                    <order>TimeStamp</order>
                </attribute>
                <attribute>
                    <name>tenderId</name>
                    <dataType>int</dataType>
                    <updateType>NA</updateType>
                    <ownership>NoTransfer</ownership>
                    <sharing>Subscribe</sharing>
                    <transportation>HLAreliable</transportation>
                    <order>TimeStamp</order>
                </attribute>
            </objectClass>
        </objectClass>
    </objects>
    <interactions>
        <interactionClass>
            <name>InteractionRoot</name>
            <sharing>Neither</sharing>
            <transportation>HLAreliable</transportation>
            <order>TimeStamp</order>
            <interactionClass>
                <name>C2WInteractionRoot</name>
                <sharing>Neither</sharing>
                <transportation>HLAreliable</transportation>
                <order>TimeStamp</order>
                <parameter> 
                    <name>actualLogicalGenerationTime</name>
                    <dataType>double</dataType>
                </parameter>
                <parameter> 
                    <name>federateFilter</name>
                    <dataType>String</dataType>
                </parameter>
                <parameter> 
                    <name>originFed</name>
                    <dataType>String</dataType>
                </parameter>
                <parameter> 
                    <name>sourceFed</name>
                    <dataType>String</dataType>
                </parameter>
                <interactionClass>
                    <name>FederateJoinInteraction</name>
                    <sharing>Publish</sharing>
                    <transportation>HLAreliable</transportation>
                    <order>TimeStamp</order>
                    <parameter> 
                        <name>FederateId</name>
                        <dataType>String</dataType>
                    </parameter>
                    <parameter> 
                        <name>FederateType</name>
                        <dataType>String</dataType>
                    </parameter>
                    <parameter> 
                        <name>IsLateJoiner</name>
                        <dataType>boolean</dataType>
                    </parameter>
                </interactionClass>
                <interactionClass>
                    <name>FederateResignInteraction</name>
                    <sharing>Publish</sharing>
                    <transportation>HLAreliable</transportation>
                    <order>TimeStamp</order>
                    <parameter> 
                        <name>FederateId</name>
                        <dataType>String</dataType>
                    </parameter>
                    <parameter> 
                        <name>FederateType</name>
                        <dataType>String</dataType>
                    </parameter>
                    <parameter> 
                        <name>IsLateJoiner</name>
                        <dataType>boolean</dataType>
                    </parameter>
                </interactionClass>
                <interactionClass>
                    <name>SimulationControl</name>
                    <sharing>Neither</sharing>
                    <transportation>HLAreliable</transportation>
                    <order>TimeStamp</order>
                    <interactionClass>
                        <name>SimEnd</name>
                        <sharing>Subscribe</sharing>
                        <transportation>HLAreliable</transportation>
                        <order>TimeStamp</order>
                    </interactionClass>
                    <interactionClass>
                        <name>SimTime</name>
                        <sharing>Subscribe</sharing>
                        <transportation>HLAreliable</transportation>
                        <order>Receive</order>
                        <parameter> 
                            <name>ignoreUntil</name>
                            <dataType>double</dataType>
                        </parameter>
                        <parameter> 
                            <name>timeScale</name>
                            <dataType>double</dataType>
                        </parameter>
                        <parameter> 
                            <name>timeZone</name>
                            <dataType>String</dataType>
                        </parameter>
                        <parameter> 
                            <name>unixTimeStart</name>
                            <dataType>long</dataType>
                        </parameter>
                        <parameter> 
                            <name>unixTimeStop</name>
                            <dataType>long</dataType>
                        </parameter>
                    </interactionClass>
                </interactionClass>
                <interactionClass>
                    <name>TMYWeather</name>
                    <sharing>Subscribe</sharing>
                    <transportation>HLAreliable</transportation>
                    <order>TimeStamp</order>
                    <parameter> 
                        <name>aerosolOpticalDepth</name>
                        <dataType>double</dataType>
                    </parameter>
                    <parameter> 
                        <name>aerosolOpticalDepthSource</name>
                        <dataType>String</dataType>
                    </parameter>
                    <parameter> 
                        <name>aerosolOpticalDepthUncertainty</name>
                        <dataType>double</dataType>
                    </parameter>
                    <parameter> 
                        <name>albedo</name>
                        <dataType>double</dataType>
                    </parameter>
                    <parameter> 
                        <name>albedoSource</name>
                        <dataType>String</dataType>
                    </parameter>
                    <parameter> 
                        <name>albedoUncertainty</name>
                        <dataType>double</dataType>
                    </parameter>
                    <parameter> 
                        <name>ceilingHeight</name>
                        <dataType>double</dataType>
                    </parameter>
                    <parameter> 
                        <name>ceilingHeightSource</name>
                        <dataType>String</dataType>
                    </parameter>
                    <parameter> 
                        <name>ceilingHeightUncertainty</name>
                        <dataType>double</dataType>
                    </parameter>
                    <parameter> 
                        <name>date</name>
                        <dataType>String</dataType>
                    </parameter>
                    <parameter> 
                        <name>dewPointTemperature</name>
                        <dataType>double</dataType>
                    </parameter>
                    <parameter> 
                        <name>dewPointTemperatureSource</name>
                        <dataType>String</dataType>
                    </parameter>
                    <parameter> 
                        <name>dewPointTemperatureUncertainty</name>
                        <dataType>double</dataType>
                    </parameter>
                    <parameter> 
                        <name>diffuseHorizontalIlluminance</name>
                        <dataType>double</dataType>
                    </parameter>
                    <parameter> 
                        <name>diffuseHorizontalIlluminanceSource</name>
                        <dataType>String</dataType>
                    </parameter>
                    <parameter> 
                        <name>diffuseHorizontalIlluminanceUncertainty</name>
                        <dataType>double</dataType>
                    </parameter>
                    <parameter> 
                        <name>diffuseHorizontalIrradiancSource</name>
                        <dataType>String</dataType>
                    </parameter>
                    <parameter> 
                        <name>diffuseHorizontalIrradiancUncertainty</name>
                        <dataType>double</dataType>
                    </parameter>
                    <parameter> 
                        <name>diffuseHorizontalIrradiance</name>
                        <dataType>double</dataType>
                    </parameter>
                    <parameter> 
                        <name>directNormalIlluminance</name>
                        <dataType>double</dataType>
                    </parameter>
                    <parameter> 
                        <name>directNormalIlluminanceSource</name>
                        <dataType>String</dataType>
                    </parameter>
                    <parameter> 
                        <name>directNormalIlluminanceUncertainty</name>
                        <dataType>double</dataType>
                    </parameter>
                    <parameter> 
                        <name>directNormalIrradiance</name>
                        <dataType>double</dataType>
                    </parameter>
                    <parameter> 
                        <name>directNormalIrradianceSource</name>
                        <dataType>String</dataType>
                    </parameter>
                    <parameter> 
                        <name>directNormalIrradianceUncertainty</name>
                        <dataType>double</dataType>
                    </parameter>
                    <parameter> 
                        <name>dryBulbTemperature</name>
                        <dataType>double</dataType>
                    </parameter>
                    <parameter> 
                        <name>dryBulbTemperatureSource</name>
                        <dataType>String</dataType>
                    </parameter>
                    <parameter> 
                        <name>dryBulbTemperatureUncertainty</name>
                        <dataType>double</dataType>
                    </parameter>
                    <parameter> 
                        <name>elevation</name>
                        <dataType>double</dataType>
                    </parameter>
                    <parameter> 
                        <name>extraTerrestrialRadiation</name>
                        <dataType>double</dataType>
                    </parameter>
                    <parameter> 
                        <name>extraTerrestrialRadiationNormal</name>
                        <dataType>double</dataType>
                    </parameter>
                    <parameter> 
                        <name>globalHorizontalIlluminance</name>
                        <dataType>double</dataType>
                    </parameter>
                    <parameter> 
                        <name>globalHorizontalIlluminanceSource</name>
                        <dataType>String</dataType>
                    </parameter>
                    <parameter> 
                        <name>globalHorizontalIlluminanceUncertainty</name>
                        <dataType>double</dataType>
                    </parameter>
                    <parameter> 
                        <name>globalHorizontalIrradiance</name>
                        <dataType>double</dataType>
                    </parameter>
                    <parameter> 
                        <name>globalHorizontalIrradianceSource</name>
                        <dataType>String</dataType>
                    </parameter>
                    <parameter> 
                        <name>globalHorizontalIrradianceUncertainty</name>
                        <dataType>double</dataType>
                    </parameter>
                    <parameter> 
                        <name>horizontalVisibility</name>
                        <dataType>double</dataType>
                    </parameter>
                    <parameter> 
                        <name>horizontalVisibilitySource</name>
                        <dataType>String</dataType>
                    </parameter>
                    <parameter> 
                        <name>horizontalVisibilityUncertainty</name>
                        <dataType>double</dataType>
                    </parameter>
                    <parameter> 
                        <name>latitude</name>
                        <dataType>double</dataType>
                    </parameter>
                    <parameter> 
                        <name>liquidPrecipitationDepth</name>
                        <dataType>double</dataType>
                    </parameter>
                    <parameter> 
                        <name>liquidPrecipitationDepthSource</name>
                        <dataType>String</dataType>
                    </parameter>
                    <parameter> 
                        <name>liquidPrecipitationDepthUncertainty</name>
                        <dataType>double</dataType>
                    </parameter>
                    <parameter> 
                        <name>liquidPrecipitationQuantity</name>
                        <dataType>double</dataType>
                    </parameter>
                    <parameter> 
                        <name>longitude</name>
                        <dataType>double</dataType>
                    </parameter>
                    <parameter> 
                        <name>opaqueSkyCover</name>
                        <dataType>double</dataType>
                    </parameter>
                    <parameter> 
                        <name>opaqueSkyCoverSource</name>
                        <dataType>String</dataType>
                    </parameter>
                    <parameter> 
                        <name>opaqueSkyCoverUncertainty</name>
                        <dataType>double</dataType>
                    </parameter>
                    <parameter> 
                        <name>precipitableWater</name>
                        <dataType>double</dataType>
                    </parameter>
                    <parameter> 
                        <name>precipitableWaterSource</name>
                        <dataType>String</dataType>
                    </parameter>
                    <parameter> 
                        <name>precipitableWaterUncertainty</name>
                        <dataType>double</dataType>
                    </parameter>
                    <parameter> 
                        <name>presentWeather</name>
                        <dataType>double</dataType>
                    </parameter>
                    <parameter> 
                        <name>presentWeatherSource</name>
                        <dataType>String</dataType>
                    </parameter>
                    <parameter> 
                        <name>presentWeatherUncertainty</name>
                        <dataType>double</dataType>
                    </parameter>
                    <parameter> 
                        <name>pressure</name>
                        <dataType>double</dataType>
                    </parameter>
                    <parameter> 
                        <name>pressureSource</name>
                        <dataType>String</dataType>
                    </parameter>
                    <parameter> 
                        <name>pressureUncertainty</name>
                        <dataType>double</dataType>
                    </parameter>
                    <parameter> 
                        <name>relativeHumidity</name>
                        <dataType>double</dataType>
                    </parameter>
                    <parameter> 
                        <name>relativeHumiditySource</name>
                        <dataType>String</dataType>
                    </parameter>
                    <parameter> 
                        <name>relativeHumidityUncertainty</name>
                        <dataType>double</dataType>
                    </parameter>
                    <parameter> 
                        <name>stationIDCode</name>
                        <dataType>int</dataType>
                    </parameter>
                    <parameter> 
                        <name>stationName</name>
                        <dataType>String</dataType>
                    </parameter>
                    <parameter> 
                        <name>stationState</name>
                        <dataType>String</dataType>
                    </parameter>
                    <parameter> 
                        <name>time</name>
                        <dataType>String</dataType>
                    </parameter>
                    <parameter> 
                        <name>timeZone</name>
                        <dataType>double</dataType>
                    </parameter>
                    <parameter> 
                        <name>totalSkyCover</name>
                        <dataType>double</dataType>
                    </parameter>
                    <parameter> 
                        <name>totalSkyCoverSource</name>
                        <dataType>String</dataType>
                    </parameter>
                    <parameter> 
                        <name>totalSkyCoverUncertainty</name>
                        <dataType>double</dataType>
                    </parameter>
                    <parameter> 
                        <name>windDirection</name>
                        <dataType>double</dataType>
                    </parameter>
                    <parameter> 
                        <name>windDirectionSource</name>
                        <dataType>String</dataType>
                    </parameter>
                    <parameter> 
                        <name>windDirectionUncertainty</name>
                        <dataType>double</dataType>
                    </parameter>
                    <parameter> 
                        <name>windSpeed</name>
                        <dataType>double</dataType>
                    </parameter>
                    <parameter> 
                        <name>windSpeedSource</name>
                        <dataType>String</dataType>
                    </parameter>
                    <parameter> 
                        <name>windSpeedUncertainty</name>
                        <dataType>double</dataType>
                    </parameter>
                    <parameter> 
                        <name>zenithLuminance</name>
                        <dataType>double</dataType>
                    </parameter>
                    <parameter> 
                        <name>zenithLuminanceSource</name>
                        <dataType>String</dataType>
                    </parameter>
                    <parameter> 
                        <name>zenithLuminanceUncertianty</name>
                        <dataType>double</dataType>
                    </parameter>
                </interactionClass>
            </interactionClass>
        </interactionClass>
    </interactions>
    <dimensions/>
    <transportations>
        <transportation>
            <name>HLAreliable</name>
            <reliable>Yes</reliable>
            <semantics>
                Provide reliable delivery of data in the sense that TCP/IP
                delivers its data reliably
            </semantics>
        </transportation>
        <transportation>
            <name>HLAbestEffort</name>
            <reliable>No</reliable>
            <semantics>
                Make an effort to deliver data in the sense that UDP provides
                best-effort delivery
            </semantics>
        </transportation>
    </transportations>
    <switches>
        <autoProvide/>
        <conveyRegionDesignatorSets/>
        <conveyProducingFederate/>
        <attributeScopeAdvisory/>
        <attributeRelevanceAdvisory/>
        <objectClassRelevanceAdvisory/>
        <interactionRelevanceAdvisory/>
        <serviceReporting/>
        <exceptionReporting/>
        <delaySubscriptionEvaluation/>
        <automaticResignAction/>
    </switches>
    <dataTypes>
        <basicDataRepresentations>
            <basicData>
                <name>Bit</name>
                <size>1</size>
                <interpretation>Integer in the range [0, 1]</interpretation>
                <endian>Big</endian>
                <encoding>1-bit</encoding>
            </basicData>
            <basicData>
                <name>UnsignedInteger16BE</name>
                <size>16</size>
                <interpretation>Integer in the range [0, 2^16-1]</interpretation>
                <endian>Big</endian>
                <encoding>16-bit unsigned integer</encoding>
            </basicData>
        </basicDataRepresentations>
        <simpleDataTypes>
            <simpleData>
                <name>byte</name>
                <representation>HLAoctet</representation>
            </simpleData>
            <simpleData>
                <name>char</name>
                <representation>UnsignedInteger16BE</representation>
            </simpleData>
            <simpleData>
                <name>short</name>
                <representation>HLAinteger16BE</representation>
            </simpleData>
            <simpleData>
                <name>int</name>
                <representation>HLAinteger32BE</representation>
            </simpleData>
            <simpleData>
                <name>long</name>
                <representation>HLAinteger64BE</representation>
            </simpleData>
            <simpleData>
                <name>float</name>
                <representation>HLAfloat32BE</representation>
            </simpleData>
            <simpleData>
                <name>double</name>
                <representation>HLAfloat64BE</representation>
            </simpleData>
            <simpleData>
                <name>boolean</name>
                <representation>Bit</representation>
            </simpleData>
        </simpleDataTypes>
        <enumeratedDataTypes/>
        <arrayDataTypes>
            <arrayData>
                <name>String</name>
                <dataType>char</dataType>
                <cardinality>Dynamic</cardinality>
                <encoding>Specifies a sequence of characters.</encoding>
            </arrayData>
        </arrayDataTypes>
        <fixedRecordDataTypes/>
        <variantRecordDataTypes/>
    </dataTypes>

</objectModel>
