<?xml version="1.0" encoding="UTF-8" standalone="yes"?>
<objectModel
  xsi:schemaLocation="http://standards.ieee.org/IEEE1516-2010
    http://standards.ieee.org/downloads/1516/1516.2-2010/IEEE1516-DIF-2010.xsd"
  xmlns="http://standards.ieee.org/IEEE1516-2010" 
  xmlns:xsi="http://www.w3.org/2001/XMLSchema-instance">
  <modelIdentification/>
  <objects>
    <objectClass>
      <name>ObjectRoot</name>
      <sharing>Neither</sharing>
      <semantics></semantics>      <objectClass>
        <name>FederateObject</name>
        <sharing>PublishSubscribe</sharing>
        <semantics></semantics>        <attribute>
          <name>FederateHandle</name>
          <dataType>int</dataType>
          <updateType>NA</updateType>
          <ownership>NoTransfer</ownership>
          <sharing>PublishSubscribe</sharing>
          <dimensions></dimensions>
          <transportation>HLAreliable</transportation>
          <order>TimeStamp</order>
          <semantics></semantics>
        </attribute>        <attribute>
          <name>FederateHost</name>
          <dataType>String</dataType>
          <updateType>NA</updateType>
          <ownership>NoTransfer</ownership>
          <sharing>PublishSubscribe</sharing>
          <dimensions></dimensions>
          <transportation>HLAreliable</transportation>
          <order>TimeStamp</order>
          <semantics></semantics>
        </attribute>        <attribute>
          <name>FederateType</name>
          <dataType>String</dataType>
          <updateType>NA</updateType>
          <ownership>NoTransfer</ownership>
          <sharing>PublishSubscribe</sharing>
          <dimensions></dimensions>
          <transportation>HLAreliable</transportation>
          <order>TimeStamp</order>
          <semantics></semantics>
        </attribute>      </objectClass>
      <objectClass>
        <name>Quote</name>
        <sharing>PublishSubscribe</sharing>
        <semantics></semantics>        <attribute>
          <name>price</name>
          <dataType>float</dataType>
          <updateType>NA</updateType>
          <ownership>NoTransfer</ownership>
          <sharing>PublishSubscribe</sharing>
          <dimensions></dimensions>
          <transportation>HLAreliable</transportation>
          <order>TimeStamp</order>
          <semantics></semantics>
        </attribute>        <attribute>
          <name>quantity</name>
          <dataType>float</dataType>
          <updateType>NA</updateType>
          <ownership>NoTransfer</ownership>
          <sharing>PublishSubscribe</sharing>
          <dimensions></dimensions>
          <transportation>HLAreliable</transportation>
          <order>TimeStamp</order>
          <semantics></semantics>
        </attribute>        <attribute>
          <name>quoteId</name>
          <dataType>int</dataType>
          <updateType>NA</updateType>
          <ownership>NoTransfer</ownership>
          <sharing>PublishSubscribe</sharing>
          <dimensions></dimensions>
          <transportation>HLAreliable</transportation>
          <order>TimeStamp</order>
          <semantics></semantics>
        </attribute>        <attribute>
          <name>timeReference</name>
          <dataType>int</dataType>
          <updateType>NA</updateType>
          <ownership>NoTransfer</ownership>
          <sharing>PublishSubscribe</sharing>
          <dimensions></dimensions>
          <transportation>HLAreliable</transportation>
          <order>TimeStamp</order>
          <semantics></semantics>
        </attribute>        <attribute>
          <name>type</name>
          <dataType>String</dataType>
          <updateType>NA</updateType>
          <ownership>NoTransfer</ownership>
          <sharing>PublishSubscribe</sharing>
          <dimensions></dimensions>
          <transportation>HLAreliable</transportation>
          <order>TimeStamp</order>
          <semantics></semantics>
        </attribute>      </objectClass>
      <objectClass>
        <name>Tender</name>
        <sharing>PublishSubscribe</sharing>
        <semantics></semantics>        <attribute>
          <name>price</name>
          <dataType>float</dataType>
          <updateType>NA</updateType>
          <ownership>NoTransfer</ownership>
          <sharing>PublishSubscribe</sharing>
          <dimensions></dimensions>
          <transportation>HLAreliable</transportation>
          <order>TimeStamp</order>
          <semantics></semantics>
        </attribute>        <attribute>
          <name>quantity</name>
          <dataType>float</dataType>
          <updateType>NA</updateType>
          <ownership>NoTransfer</ownership>
          <sharing>PublishSubscribe</sharing>
          <dimensions></dimensions>
          <transportation>HLAreliable</transportation>
          <order>TimeStamp</order>
          <semantics></semantics>
        </attribute>        <attribute>
          <name>tenderId</name>
          <dataType>int</dataType>
          <updateType>NA</updateType>
          <ownership>NoTransfer</ownership>
          <sharing>PublishSubscribe</sharing>
          <dimensions></dimensions>
          <transportation>HLAreliable</transportation>
          <order>TimeStamp</order>
          <semantics></semantics>
        </attribute>        <attribute>
          <name>timeReference</name>
          <dataType>int</dataType>
          <updateType>NA</updateType>
          <ownership>NoTransfer</ownership>
          <sharing>PublishSubscribe</sharing>
          <dimensions></dimensions>
          <transportation>HLAreliable</transportation>
          <order>TimeStamp</order>
          <semantics></semantics>
        </attribute>        <attribute>
          <name>type</name>
          <dataType>String</dataType>
          <updateType>NA</updateType>
          <ownership>NoTransfer</ownership>
          <sharing>PublishSubscribe</sharing>
          <dimensions></dimensions>
          <transportation>HLAreliable</transportation>
          <order>TimeStamp</order>
          <semantics></semantics>
        </attribute>      </objectClass>
      <objectClass>
        <name>Transaction</name>
        <sharing>PublishSubscribe</sharing>
        <semantics></semantics>        <attribute>
          <name>accept</name>
          <dataType>boolean</dataType>
          <updateType>NA</updateType>
          <ownership>NoTransfer</ownership>
          <sharing>PublishSubscribe</sharing>
          <dimensions></dimensions>
          <transportation>HLAreliable</transportation>
          <order>TimeStamp</order>
          <semantics></semantics>
        </attribute>        <attribute>
          <name>tenderId</name>
          <dataType>int</dataType>
          <updateType>NA</updateType>
          <ownership>NoTransfer</ownership>
          <sharing>PublishSubscribe</sharing>
          <dimensions></dimensions>
          <transportation>HLAreliable</transportation>
          <order>TimeStamp</order>
          <semantics></semantics>
        </attribute>      </objectClass>
      <objectClass>
        <name>gridVoltageState</name>
        <sharing>PublishSubscribe</sharing>
        <semantics></semantics>        <attribute>
          <name>grid_Voltage_Imaginary_A</name>
          <dataType>float</dataType>
          <updateType>NA</updateType>
          <ownership>NoTransfer</ownership>
          <sharing>PublishSubscribe</sharing>
          <dimensions></dimensions>
          <transportation>HLAreliable</transportation>
          <order>TimeStamp</order>
          <semantics></semantics>
        </attribute>        <attribute>
          <name>grid_Voltage_Imaginary_B</name>
          <dataType>float</dataType>
          <updateType>NA</updateType>
          <ownership>NoTransfer</ownership>
          <sharing>PublishSubscribe</sharing>
          <dimensions></dimensions>
          <transportation>HLAreliable</transportation>
          <order>TimeStamp</order>
          <semantics></semantics>
        </attribute>        <attribute>
          <name>grid_Voltage_Imaginary_C</name>
          <dataType>float</dataType>
          <updateType>NA</updateType>
          <ownership>NoTransfer</ownership>
          <sharing>PublishSubscribe</sharing>
          <dimensions></dimensions>
          <transportation>HLAreliable</transportation>
          <order>TimeStamp</order>
          <semantics></semantics>
        </attribute>        <attribute>
          <name>grid_Voltage_Real_A</name>
          <dataType>float</dataType>
          <updateType>NA</updateType>
          <ownership>NoTransfer</ownership>
          <sharing>PublishSubscribe</sharing>
          <dimensions></dimensions>
          <transportation>HLAreliable</transportation>
          <order>TimeStamp</order>
          <semantics></semantics>
        </attribute>        <attribute>
          <name>grid_Voltage_Real_B</name>
          <dataType>float</dataType>
          <updateType>NA</updateType>
          <ownership>NoTransfer</ownership>
          <sharing>PublishSubscribe</sharing>
          <dimensions></dimensions>
          <transportation>HLAreliable</transportation>
          <order>TimeStamp</order>
          <semantics></semantics>
        </attribute>        <attribute>
          <name>grid_Voltage_Real_C</name>
          <dataType>float</dataType>
          <updateType>NA</updateType>
          <ownership>NoTransfer</ownership>
          <sharing>PublishSubscribe</sharing>
          <dimensions></dimensions>
          <transportation>HLAreliable</transportation>
          <order>TimeStamp</order>
          <semantics></semantics>
        </attribute>      </objectClass>
      <objectClass>
        <name>marketStatus</name>
        <sharing>PublishSubscribe</sharing>
        <semantics></semantics>        <attribute>
          <name>price</name>
          <dataType>float</dataType>
          <updateType>NA</updateType>
          <ownership>NoTransfer</ownership>
          <sharing>PublishSubscribe</sharing>
          <dimensions></dimensions>
          <transportation>HLAreliable</transportation>
          <order>TimeStamp</order>
          <semantics></semantics>
        </attribute>        <attribute>
          <name>time</name>
          <dataType>int</dataType>
          <updateType>NA</updateType>
          <ownership>NoTransfer</ownership>
          <sharing>PublishSubscribe</sharing>
          <dimensions></dimensions>
          <transportation>HLAreliable</transportation>
          <order>TimeStamp</order>
          <semantics></semantics>
        </attribute>        <attribute>
          <name>type</name>
          <dataType>String</dataType>
          <updateType>NA</updateType>
          <ownership>NoTransfer</ownership>
          <sharing>PublishSubscribe</sharing>
          <dimensions></dimensions>
          <transportation>HLAreliable</transportation>
          <order>TimeStamp</order>
          <semantics></semantics>
        </attribute>      </objectClass>
      <objectClass>
        <name>resourceControl</name>
        <sharing>PublishSubscribe</sharing>
        <semantics></semantics>        <attribute>
          <name>Resources</name>
          <dataType>String</dataType>
          <updateType>NA</updateType>
          <ownership>NoTransfer</ownership>
          <sharing>PublishSubscribe</sharing>
          <dimensions></dimensions>
          <transportation>HLAreliable</transportation>
          <order>TimeStamp</order>
          <semantics></semantics>
        </attribute>        <attribute>
          <name>activePowerCurve</name>
          <dataType>int</dataType>
          <updateType>NA</updateType>
          <ownership>NoTransfer</ownership>
          <sharing>PublishSubscribe</sharing>
          <dimensions></dimensions>
          <transportation>HLAreliable</transportation>
          <order>TimeStamp</order>
          <semantics></semantics>
        </attribute>        <attribute>
          <name>actualDemand</name>
          <dataType>float</dataType>
          <updateType>NA</updateType>
          <ownership>NoTransfer</ownership>
          <sharing>PublishSubscribe</sharing>
          <dimensions></dimensions>
          <transportation>HLAreliable</transportation>
          <order>TimeStamp</order>
          <semantics></semantics>
        </attribute>        <attribute>
          <name>adjustedFullDRPower</name>
          <dataType>float</dataType>
          <updateType>NA</updateType>
          <ownership>NoTransfer</ownership>
          <sharing>PublishSubscribe</sharing>
          <dimensions></dimensions>
          <transportation>HLAreliable</transportation>
          <order>TimeStamp</order>
          <semantics></semantics>
        </attribute>        <attribute>
          <name>adjustedNoDRPower</name>
          <dataType>float</dataType>
          <updateType>NA</updateType>
          <ownership>NoTransfer</ownership>
          <sharing>PublishSubscribe</sharing>
          <dimensions></dimensions>
          <transportation>HLAreliable</transportation>
          <order>TimeStamp</order>
          <semantics></semantics>
        </attribute>        <attribute>
          <name>downBeginRamp</name>
          <dataType>float</dataType>
          <updateType>NA</updateType>
          <ownership>NoTransfer</ownership>
          <sharing>PublishSubscribe</sharing>
          <dimensions></dimensions>
          <transportation>HLAreliable</transportation>
          <order>TimeStamp</order>
          <semantics></semantics>
        </attribute>        <attribute>
          <name>downDuration</name>
          <dataType>int</dataType>
          <updateType>NA</updateType>
          <ownership>NoTransfer</ownership>
          <sharing>PublishSubscribe</sharing>
          <dimensions></dimensions>
          <transportation>HLAreliable</transportation>
          <order>TimeStamp</order>
          <semantics></semantics>
        </attribute>        <attribute>
          <name>downRampToCompletion</name>
          <dataType>boolean</dataType>
          <updateType>NA</updateType>
          <ownership>NoTransfer</ownership>
          <sharing>PublishSubscribe</sharing>
          <dimensions></dimensions>
          <transportation>HLAreliable</transportation>
          <order>TimeStamp</order>
          <semantics></semantics>
        </attribute>        <attribute>
          <name>downRate</name>
          <dataType>float</dataType>
          <updateType>NA</updateType>
          <ownership>NoTransfer</ownership>
          <sharing>PublishSubscribe</sharing>
          <dimensions></dimensions>
          <transportation>HLAreliable</transportation>
          <order>TimeStamp</order>
          <semantics></semantics>
        </attribute>        <attribute>
          <name>loadStatusType</name>
          <dataType>String</dataType>
          <updateType>NA</updateType>
          <ownership>NoTransfer</ownership>
          <sharing>PublishSubscribe</sharing>
          <dimensions></dimensions>
          <transportation>HLAreliable</transportation>
          <order>TimeStamp</order>
          <semantics></semantics>
        </attribute>        <attribute>
          <name>locked</name>
          <dataType>boolean</dataType>
          <updateType>NA</updateType>
          <ownership>NoTransfer</ownership>
          <sharing>PublishSubscribe</sharing>
          <dimensions></dimensions>
          <transportation>HLAreliable</transportation>
          <order>TimeStamp</order>
          <semantics></semantics>
        </attribute>        <attribute>
          <name>maximumReactivePower</name>
          <dataType>float</dataType>
          <updateType>NA</updateType>
          <ownership>NoTransfer</ownership>
          <sharing>PublishSubscribe</sharing>
          <dimensions></dimensions>
          <transportation>HLAreliable</transportation>
          <order>TimeStamp</order>
          <semantics></semantics>
        </attribute>        <attribute>
          <name>maximumRealPower</name>
          <dataType>float</dataType>
          <updateType>NA</updateType>
          <ownership>NoTransfer</ownership>
          <sharing>PublishSubscribe</sharing>
          <dimensions></dimensions>
          <transportation>HLAreliable</transportation>
          <order>TimeStamp</order>
          <semantics></semantics>
        </attribute>        <attribute>
          <name>reactiveDesiredFractionOfFullRatedOutputBegin</name>
          <dataType>float</dataType>
          <updateType>NA</updateType>
          <ownership>NoTransfer</ownership>
          <sharing>PublishSubscribe</sharing>
          <dimensions></dimensions>
          <transportation>HLAreliable</transportation>
          <order>TimeStamp</order>
          <semantics></semantics>
        </attribute>        <attribute>
          <name>reactiveDesiredFractionOfFullRatedOutputEnd</name>
          <dataType>float</dataType>
          <updateType>NA</updateType>
          <ownership>NoTransfer</ownership>
          <sharing>PublishSubscribe</sharing>
          <dimensions></dimensions>
          <transportation>HLAreliable</transportation>
          <order>TimeStamp</order>
          <semantics></semantics>
        </attribute>        <attribute>
          <name>reactiveRequiredFractionOfFullRatedInputPowerDrawnBegin</name>
          <dataType>float</dataType>
          <updateType>NA</updateType>
          <ownership>NoTransfer</ownership>
          <sharing>PublishSubscribe</sharing>
          <dimensions></dimensions>
          <transportation>HLAreliable</transportation>
          <order>TimeStamp</order>
          <semantics></semantics>
        </attribute>        <attribute>
          <name>reactiveRequiredFractionOfFullRatedInputPowerDrawnEnd</name>
          <dataType>float</dataType>
          <updateType>NA</updateType>
          <ownership>NoTransfer</ownership>
          <sharing>PublishSubscribe</sharing>
          <dimensions></dimensions>
          <transportation>HLAreliable</transportation>
          <order>TimeStamp</order>
          <semantics></semantics>
        </attribute>        <attribute>
          <name>realDesiredFractionOfFullRatedOutputBegin</name>
          <dataType>float</dataType>
          <updateType>NA</updateType>
          <ownership>NoTransfer</ownership>
          <sharing>PublishSubscribe</sharing>
          <dimensions></dimensions>
          <transportation>HLAreliable</transportation>
          <order>TimeStamp</order>
          <semantics></semantics>
        </attribute>        <attribute>
          <name>realDesiredFractionOfFullRatedOutputEnd</name>
          <dataType>float</dataType>
          <updateType>NA</updateType>
          <ownership>NoTransfer</ownership>
          <sharing>PublishSubscribe</sharing>
          <dimensions></dimensions>
          <transportation>HLAreliable</transportation>
          <order>TimeStamp</order>
          <semantics></semantics>
        </attribute>        <attribute>
          <name>realRequiredFractionOfFullRatedInputPowerDrawnBegin</name>
          <dataType>float</dataType>
          <updateType>NA</updateType>
          <ownership>NoTransfer</ownership>
          <sharing>PublishSubscribe</sharing>
          <dimensions></dimensions>
          <transportation>HLAreliable</transportation>
          <order>TimeStamp</order>
          <semantics></semantics>
        </attribute>        <attribute>
          <name>realRequiredFractionOfFullRatedInputPowerDrawnEnd</name>
          <dataType>float</dataType>
          <updateType>NA</updateType>
          <ownership>NoTransfer</ownership>
          <sharing>PublishSubscribe</sharing>
          <dimensions></dimensions>
          <transportation>HLAreliable</transportation>
          <order>TimeStamp</order>
          <semantics></semantics>
        </attribute>        <attribute>
          <name>upBeginRamp</name>
          <dataType>float</dataType>
          <updateType>NA</updateType>
          <ownership>NoTransfer</ownership>
          <sharing>PublishSubscribe</sharing>
          <dimensions></dimensions>
          <transportation>HLAreliable</transportation>
          <order>TimeStamp</order>
          <semantics></semantics>
        </attribute>        <attribute>
          <name>upDuration</name>
          <dataType>int</dataType>
          <updateType>NA</updateType>
          <ownership>NoTransfer</ownership>
          <sharing>PublishSubscribe</sharing>
          <dimensions></dimensions>
          <transportation>HLAreliable</transportation>
          <order>TimeStamp</order>
          <semantics></semantics>
        </attribute>        <attribute>
          <name>upRampToCompletion</name>
          <dataType>boolean</dataType>
          <updateType>NA</updateType>
          <ownership>NoTransfer</ownership>
          <sharing>PublishSubscribe</sharing>
          <dimensions></dimensions>
          <transportation>HLAreliable</transportation>
          <order>TimeStamp</order>
          <semantics></semantics>
        </attribute>        <attribute>
          <name>upRate</name>
          <dataType>float</dataType>
          <updateType>NA</updateType>
          <ownership>NoTransfer</ownership>
          <sharing>PublishSubscribe</sharing>
          <dimensions></dimensions>
          <transportation>HLAreliable</transportation>
          <order>TimeStamp</order>
          <semantics></semantics>
        </attribute>      </objectClass>
      <objectClass>
        <name>resourcesPhysicalStatus</name>
        <sharing>PublishSubscribe</sharing>
        <semantics></semantics>        <attribute>
          <name>current_Imaginary_A</name>
          <dataType>float</dataType>
          <updateType>NA</updateType>
          <ownership>NoTransfer</ownership>
          <sharing>PublishSubscribe</sharing>
          <dimensions></dimensions>
          <transportation>HLAreliable</transportation>
          <order>TimeStamp</order>
          <semantics></semantics>
        </attribute>        <attribute>
          <name>current_Imaginary_B</name>
          <dataType>float</dataType>
          <updateType>NA</updateType>
          <ownership>NoTransfer</ownership>
          <sharing>PublishSubscribe</sharing>
          <dimensions></dimensions>
          <transportation>HLAreliable</transportation>
          <order>TimeStamp</order>
          <semantics></semantics>
        </attribute>        <attribute>
          <name>current_Imaginary_C</name>
          <dataType>float</dataType>
          <updateType>NA</updateType>
          <ownership>NoTransfer</ownership>
          <sharing>PublishSubscribe</sharing>
          <dimensions></dimensions>
          <transportation>HLAreliable</transportation>
          <order>TimeStamp</order>
          <semantics></semantics>
        </attribute>        <attribute>
          <name>current_Real_A</name>
          <dataType>float</dataType>
          <updateType>NA</updateType>
          <ownership>NoTransfer</ownership>
          <sharing>PublishSubscribe</sharing>
          <dimensions></dimensions>
          <transportation>HLAreliable</transportation>
          <order>TimeStamp</order>
          <semantics></semantics>
        </attribute>        <attribute>
          <name>current_Real_B</name>
          <dataType>float</dataType>
          <updateType>NA</updateType>
          <ownership>NoTransfer</ownership>
          <sharing>PublishSubscribe</sharing>
          <dimensions></dimensions>
          <transportation>HLAreliable</transportation>
          <order>TimeStamp</order>
          <semantics></semantics>
        </attribute>        <attribute>
          <name>current_Real_C</name>
          <dataType>float</dataType>
          <updateType>NA</updateType>
          <ownership>NoTransfer</ownership>
          <sharing>PublishSubscribe</sharing>
          <dimensions></dimensions>
          <transportation>HLAreliable</transportation>
          <order>TimeStamp</order>
          <semantics></semantics>
        </attribute>        <attribute>
          <name>gridNodeId</name>
          <dataType>String</dataType>
          <updateType>NA</updateType>
          <ownership>NoTransfer</ownership>
          <sharing>PublishSubscribe</sharing>
          <dimensions></dimensions>
          <transportation>HLAreliable</transportation>
          <order>TimeStamp</order>
          <semantics></semantics>
        </attribute>        <attribute>
          <name>impedance_Imaginary_A</name>
          <dataType>float</dataType>
          <updateType>NA</updateType>
          <ownership>NoTransfer</ownership>
          <sharing>PublishSubscribe</sharing>
          <dimensions></dimensions>
          <transportation>HLAreliable</transportation>
          <order>TimeStamp</order>
          <semantics></semantics>
        </attribute>        <attribute>
          <name>impedance_Imaginary_B</name>
          <dataType>float</dataType>
          <updateType>NA</updateType>
          <ownership>NoTransfer</ownership>
          <sharing>PublishSubscribe</sharing>
          <dimensions></dimensions>
          <transportation>HLAreliable</transportation>
          <order>TimeStamp</order>
          <semantics></semantics>
        </attribute>        <attribute>
          <name>impedance_Imaginary_C</name>
          <dataType>float</dataType>
          <updateType>NA</updateType>
          <ownership>NoTransfer</ownership>
          <sharing>PublishSubscribe</sharing>
          <dimensions></dimensions>
          <transportation>HLAreliable</transportation>
          <order>TimeStamp</order>
          <semantics></semantics>
        </attribute>        <attribute>
          <name>impedance_Real_A</name>
          <dataType>float</dataType>
          <updateType>NA</updateType>
          <ownership>NoTransfer</ownership>
          <sharing>PublishSubscribe</sharing>
          <dimensions></dimensions>
          <transportation>HLAreliable</transportation>
          <order>TimeStamp</order>
          <semantics></semantics>
        </attribute>        <attribute>
          <name>impedance_Real_B</name>
          <dataType>float</dataType>
          <updateType>NA</updateType>
          <ownership>NoTransfer</ownership>
          <sharing>PublishSubscribe</sharing>
          <dimensions></dimensions>
          <transportation>HLAreliable</transportation>
          <order>TimeStamp</order>
          <semantics></semantics>
        </attribute>        <attribute>
          <name>impedance_Real_C</name>
          <dataType>float</dataType>
          <updateType>NA</updateType>
          <ownership>NoTransfer</ownership>
          <sharing>PublishSubscribe</sharing>
          <dimensions></dimensions>
          <transportation>HLAreliable</transportation>
          <order>TimeStamp</order>
          <semantics></semantics>
        </attribute>        <attribute>
          <name>loadInstanceName</name>
          <dataType>String</dataType>
          <updateType>NA</updateType>
          <ownership>NoTransfer</ownership>
          <sharing>PublishSubscribe</sharing>
          <dimensions></dimensions>
          <transportation>HLAreliable</transportation>
          <order>TimeStamp</order>
          <semantics></semantics>
        </attribute>        <attribute>
          <name>name</name>
          <dataType>String</dataType>
          <updateType>NA</updateType>
          <ownership>NoTransfer</ownership>
          <sharing>PublishSubscribe</sharing>
          <dimensions></dimensions>
          <transportation>HLAreliable</transportation>
          <order>TimeStamp</order>
          <semantics></semantics>
        </attribute>        <attribute>
          <name>phases</name>
          <dataType>String</dataType>
          <updateType>NA</updateType>
          <ownership>NoTransfer</ownership>
          <sharing>PublishSubscribe</sharing>
          <dimensions></dimensions>
          <transportation>HLAreliable</transportation>
          <order>TimeStamp</order>
          <semantics></semantics>
        </attribute>        <attribute>
          <name>power_Imaginary_A</name>
          <dataType>float</dataType>
          <updateType>NA</updateType>
          <ownership>NoTransfer</ownership>
          <sharing>PublishSubscribe</sharing>
          <dimensions></dimensions>
          <transportation>HLAreliable</transportation>
          <order>TimeStamp</order>
          <semantics></semantics>
        </attribute>        <attribute>
          <name>power_Imaginary_B</name>
          <dataType>float</dataType>
          <updateType>NA</updateType>
          <ownership>NoTransfer</ownership>
          <sharing>PublishSubscribe</sharing>
          <dimensions></dimensions>
          <transportation>HLAreliable</transportation>
          <order>TimeStamp</order>
          <semantics></semantics>
        </attribute>        <attribute>
          <name>power_Imaginary_C</name>
          <dataType>float</dataType>
          <updateType>NA</updateType>
          <ownership>NoTransfer</ownership>
          <sharing>PublishSubscribe</sharing>
          <dimensions></dimensions>
          <transportation>HLAreliable</transportation>
          <order>TimeStamp</order>
          <semantics></semantics>
        </attribute>        <attribute>
          <name>power_Real_A</name>
          <dataType>float</dataType>
          <updateType>NA</updateType>
          <ownership>NoTransfer</ownership>
          <sharing>PublishSubscribe</sharing>
          <dimensions></dimensions>
          <transportation>HLAreliable</transportation>
          <order>TimeStamp</order>
          <semantics></semantics>
        </attribute>        <attribute>
          <name>power_Real_B</name>
          <dataType>float</dataType>
          <updateType>NA</updateType>
          <ownership>NoTransfer</ownership>
          <sharing>PublishSubscribe</sharing>
          <dimensions></dimensions>
          <transportation>HLAreliable</transportation>
          <order>TimeStamp</order>
          <semantics></semantics>
        </attribute>        <attribute>
          <name>power_Real_C</name>
          <dataType>float</dataType>
          <updateType>NA</updateType>
          <ownership>NoTransfer</ownership>
          <sharing>PublishSubscribe</sharing>
          <dimensions></dimensions>
          <transportation>HLAreliable</transportation>
          <order>TimeStamp</order>
          <semantics></semantics>
        </attribute>        <attribute>
          <name>status</name>
          <dataType>boolean</dataType>
          <updateType>NA</updateType>
          <ownership>NoTransfer</ownership>
          <sharing>PublishSubscribe</sharing>
          <dimensions></dimensions>
          <transportation>HLAreliable</transportation>
          <order>TimeStamp</order>
          <semantics></semantics>
        </attribute>        <attribute>
          <name>type</name>
          <dataType>String</dataType>
          <updateType>NA</updateType>
          <ownership>NoTransfer</ownership>
          <sharing>PublishSubscribe</sharing>
          <dimensions></dimensions>
          <transportation>HLAreliable</transportation>
          <order>TimeStamp</order>
          <semantics></semantics>
        </attribute>        <attribute>
          <name>voltage_Imaginary_A</name>
          <dataType>float</dataType>
          <updateType>NA</updateType>
          <ownership>NoTransfer</ownership>
          <sharing>PublishSubscribe</sharing>
          <dimensions></dimensions>
          <transportation>HLAreliable</transportation>
          <order>TimeStamp</order>
          <semantics></semantics>
        </attribute>        <attribute>
          <name>voltage_Imaginary_B</name>
          <dataType>float</dataType>
          <updateType>NA</updateType>
          <ownership>NoTransfer</ownership>
          <sharing>PublishSubscribe</sharing>
          <dimensions></dimensions>
          <transportation>HLAreliable</transportation>
          <order>TimeStamp</order>
          <semantics></semantics>
        </attribute>        <attribute>
          <name>voltage_Imaginary_C</name>
          <dataType>float</dataType>
          <updateType>NA</updateType>
          <ownership>NoTransfer</ownership>
          <sharing>PublishSubscribe</sharing>
          <dimensions></dimensions>
          <transportation>HLAreliable</transportation>
          <order>TimeStamp</order>
          <semantics></semantics>
        </attribute>        <attribute>
          <name>voltage_Real_A</name>
          <dataType>float</dataType>
          <updateType>NA</updateType>
          <ownership>NoTransfer</ownership>
          <sharing>PublishSubscribe</sharing>
          <dimensions></dimensions>
          <transportation>HLAreliable</transportation>
          <order>TimeStamp</order>
          <semantics></semantics>
        </attribute>        <attribute>
          <name>voltage_Real_B</name>
          <dataType>float</dataType>
          <updateType>NA</updateType>
          <ownership>NoTransfer</ownership>
          <sharing>PublishSubscribe</sharing>
          <dimensions></dimensions>
          <transportation>HLAreliable</transportation>
          <order>TimeStamp</order>
          <semantics></semantics>
        </attribute>        <attribute>
          <name>voltage_Real_C</name>
          <dataType>float</dataType>
          <updateType>NA</updateType>
          <ownership>NoTransfer</ownership>
          <sharing>PublishSubscribe</sharing>
          <dimensions></dimensions>
          <transportation>HLAreliable</transportation>
          <order>TimeStamp</order>
          <semantics></semantics>
        </attribute>      </objectClass>
      <objectClass>
        <name>supervisoryControlSignal</name>
        <sharing>PublishSubscribe</sharing>
        <semantics></semantics>        <attribute>
          <name>localControllerName</name>
          <dataType>String</dataType>
          <updateType>NA</updateType>
          <ownership>NoTransfer</ownership>
          <sharing>PublishSubscribe</sharing>
          <dimensions></dimensions>
          <transportation>HLAreliable</transportation>
          <order>TimeStamp</order>
          <semantics></semantics>
        </attribute>        <attribute>
          <name>modulationSignal</name>
          <dataType>float</dataType>
          <updateType>NA</updateType>
          <ownership>NoTransfer</ownership>
          <sharing>PublishSubscribe</sharing>
          <dimensions></dimensions>
          <transportation>HLAreliable</transportation>
          <order>TimeStamp</order>
          <semantics></semantics>
        </attribute>      </objectClass>
    </objectClass>
  </objects>
  <interactions>
    <interactionClass>
      <name>InteractionRoot</name>
      <sharing>Neither</sharing>
      <transportation>HLAreliable</transportation>
      <order>TimeStamp</order>
      <interactionClass>
        <name>C2WInteractionRoot</name>
        <sharing>Neither</sharing>
        <transportation>HLAreliable</transportation>
        <order>TimeStamp</order>        <parameter> 
          <name>actualLogicalGenerationTime</name>
          <dataType>double</dataType>
          <semantics></semantics>
        </parameter>        <parameter> 
          <name>federateFilter</name>
          <dataType>String</dataType>
          <semantics></semantics>
        </parameter>        <parameter> 
          <name>originFed</name>
          <dataType>String</dataType>
          <semantics></semantics>
        </parameter>        <parameter> 
          <name>sourceFed</name>
          <dataType>String</dataType>
          <semantics></semantics>
        </parameter>
        <interactionClass>
          <name>ActionBase</name>
          <sharing>PublishSubscribe</sharing>
          <transportation>HLAreliable</transportation>
          <order>TimeStamp</order>
        </interactionClass>
        <interactionClass>
          <name>FederateJoinInteraction</name>
          <sharing>PublishSubscribe</sharing>
          <transportation>HLAreliable</transportation>
          <order>TimeStamp</order>          <parameter> 
            <name>FederateId</name>
            <dataType>String</dataType>
            <semantics></semantics>
          </parameter>          <parameter> 
            <name>FederateType</name>
            <dataType>String</dataType>
            <semantics></semantics>
          </parameter>          <parameter> 
            <name>IsLateJoiner</name>
            <dataType>boolean</dataType>
            <semantics></semantics>
          </parameter>
        </interactionClass>
        <interactionClass>
          <name>FederateResignInteraction</name>
          <sharing>PublishSubscribe</sharing>
          <transportation>HLAreliable</transportation>
          <order>TimeStamp</order>          <parameter> 
            <name>FederateId</name>
            <dataType>String</dataType>
            <semantics></semantics>
          </parameter>          <parameter> 
            <name>FederateType</name>
            <dataType>String</dataType>
            <semantics></semantics>
          </parameter>          <parameter> 
            <name>IsLateJoiner</name>
            <dataType>boolean</dataType>
            <semantics></semantics>
          </parameter>
        </interactionClass>
        <interactionClass>
          <name>OutcomeBase</name>
          <sharing>PublishSubscribe</sharing>
          <transportation>HLAreliable</transportation>
          <order>TimeStamp</order>
        </interactionClass>
        <interactionClass>
          <name>SimLog</name>
          <sharing>PublishSubscribe</sharing>
          <transportation>HLAreliable</transportation>
          <order>TimeStamp</order>          <parameter> 
            <name>Comment</name>
            <dataType>String</dataType>
            <semantics></semantics>
          </parameter>          <parameter> 
            <name>FedName</name>
            <dataType>String</dataType>
            <semantics></semantics>
          </parameter>          <parameter> 
            <name>Time</name>
            <dataType>double</dataType>
            <semantics></semantics>
          </parameter>
          <interactionClass>
            <name>HighPrio</name>
            <sharing>PublishSubscribe</sharing>
            <transportation>HLAreliable</transportation>
            <order>TimeStamp</order>
          </interactionClass>
          <interactionClass>
            <name>LowPrio</name>
            <sharing>PublishSubscribe</sharing>
            <transportation>HLAreliable</transportation>
            <order>TimeStamp</order>
          </interactionClass>
          <interactionClass>
            <name>MediumPrio</name>
            <sharing>PublishSubscribe</sharing>
            <transportation>HLAreliable</transportation>
            <order>TimeStamp</order>
          </interactionClass>
          <interactionClass>
            <name>VeryLowPrio</name>
            <sharing>PublishSubscribe</sharing>
            <transportation>HLAreliable</transportation>
            <order>TimeStamp</order>
          </interactionClass>
        </interactionClass>
        <interactionClass>
          <name>SimulationControl</name>
          <sharing>PublishSubscribe</sharing>
          <transportation>HLAreliable</transportation>
          <order>TimeStamp</order>
          <interactionClass>
            <name>SimEnd</name>
            <sharing>PublishSubscribe</sharing>
            <transportation>HLAreliable</transportation>
            <order>TimeStamp</order>
          </interactionClass>
          <interactionClass>
            <name>SimPause</name>
            <sharing>PublishSubscribe</sharing>
            <transportation>HLAreliable</transportation>
            <order>TimeStamp</order>
          </interactionClass>
          <interactionClass>
            <name>SimResume</name>
            <sharing>PublishSubscribe</sharing>
            <transportation>HLAreliable</transportation>
            <order>TimeStamp</order>
          </interactionClass>
        </interactionClass>
        <interactionClass>
          <name>SimTime</name>
          <sharing>PublishSubscribe</sharing>
          <transportation>HLAreliable</transportation>
          <order>TimeStamp</order>          <parameter> 
            <name>ignoreTil</name>
            <dataType>double</dataType>
            <semantics></semantics>
          </parameter>          <parameter> 
            <name>secondsPerLogicalTime</name>
            <dataType>double</dataType>
            <semantics></semantics>
          </parameter>          <parameter> 
            <name>startTime</name>
            <dataType>double</dataType>
            <semantics></semantics>
          </parameter>          <parameter> 
            <name>stopTime</name>
            <dataType>double</dataType>
            <semantics></semantics>
          </parameter>
        </interactionClass>
        <interactionClass>
          <name>TMYWeather</name>
          <sharing>PublishSubscribe</sharing>
          <transportation>HLAreliable</transportation>
          <order>TimeStamp</order>          <parameter> 
            <name>aerosolOpticalDepth</name>
            <dataType>double</dataType>
            <semantics></semantics>
          </parameter>          <parameter> 
            <name>aerosolOpticalDepthSource</name>
            <dataType>String</dataType>
            <semantics></semantics>
          </parameter>          <parameter> 
            <name>aerosolOpticalDepthUncertainty</name>
            <dataType>double</dataType>
            <semantics></semantics>
          </parameter>          <parameter> 
            <name>albedo</name>
            <dataType>double</dataType>
            <semantics></semantics>
          </parameter>          <parameter> 
            <name>albedoSource</name>
            <dataType>String</dataType>
            <semantics></semantics>
          </parameter>          <parameter> 
            <name>albedoUncertainty</name>
            <dataType>double</dataType>
            <semantics></semantics>
          </parameter>          <parameter> 
            <name>ceilingHeight</name>
            <dataType>double</dataType>
            <semantics></semantics>
          </parameter>          <parameter> 
            <name>ceilingHeightSource</name>
            <dataType>String</dataType>
            <semantics></semantics>
          </parameter>          <parameter> 
            <name>ceilingHeightUncertainty</name>
            <dataType>double</dataType>
            <semantics></semantics>
          </parameter>          <parameter> 
            <name>date</name>
            <dataType>String</dataType>
            <semantics></semantics>
          </parameter>          <parameter> 
            <name>dewPointTemperature</name>
            <dataType>double</dataType>
            <semantics></semantics>
          </parameter>          <parameter> 
            <name>dewPointTemperatureSource</name>
            <dataType>String</dataType>
            <semantics></semantics>
          </parameter>          <parameter> 
            <name>dewPointTemperatureUncertainty</name>
            <dataType>double</dataType>
            <semantics></semantics>
          </parameter>          <parameter> 
            <name>diffuseHorizontalIlluminance</name>
            <dataType>double</dataType>
            <semantics></semantics>
          </parameter>          <parameter> 
            <name>diffuseHorizontalIlluminanceSource</name>
            <dataType>String</dataType>
            <semantics></semantics>
          </parameter>          <parameter> 
            <name>diffuseHorizontalIlluminanceUncertainty</name>
            <dataType>double</dataType>
            <semantics></semantics>
          </parameter>          <parameter> 
            <name>diffuseHorizontalIrradiancSource</name>
            <dataType>String</dataType>
            <semantics></semantics>
          </parameter>          <parameter> 
            <name>diffuseHorizontalIrradiancUncertainty</name>
            <dataType>double</dataType>
            <semantics></semantics>
          </parameter>          <parameter> 
            <name>diffuseHorizontalIrradiance</name>
            <dataType>double</dataType>
            <semantics></semantics>
          </parameter>          <parameter> 
            <name>directNormalIlluminance</name>
            <dataType>double</dataType>
            <semantics></semantics>
          </parameter>          <parameter> 
            <name>directNormalIlluminanceSource</name>
            <dataType>String</dataType>
            <semantics></semantics>
          </parameter>          <parameter> 
            <name>directNormalIlluminanceUncertainty</name>
            <dataType>double</dataType>
            <semantics></semantics>
          </parameter>          <parameter> 
            <name>directNormalIrradiance</name>
            <dataType>double</dataType>
            <semantics></semantics>
          </parameter>          <parameter> 
            <name>directNormalIrradianceSource</name>
            <dataType>String</dataType>
            <semantics></semantics>
          </parameter>          <parameter> 
            <name>directNormalIrradianceUncertainty</name>
            <dataType>double</dataType>
            <semantics></semantics>
          </parameter>          <parameter> 
            <name>dryBulbTemperature</name>
            <dataType>double</dataType>
            <semantics></semantics>
          </parameter>          <parameter> 
            <name>dryBulbTemperatureSource</name>
            <dataType>String</dataType>
            <semantics></semantics>
          </parameter>          <parameter> 
            <name>dryBulbTemperatureUncertainty</name>
            <dataType>double</dataType>
            <semantics></semantics>
          </parameter>          <parameter> 
            <name>elevation</name>
            <dataType>double</dataType>
            <semantics></semantics>
          </parameter>          <parameter> 
            <name>extraTerrestrialRadiation</name>
            <dataType>double</dataType>
            <semantics></semantics>
          </parameter>          <parameter> 
            <name>extraTerrestrialRadiationNormal</name>
            <dataType>double</dataType>
            <semantics></semantics>
          </parameter>          <parameter> 
            <name>globalHorizontalIlluminance</name>
            <dataType>double</dataType>
            <semantics></semantics>
          </parameter>          <parameter> 
            <name>globalHorizontalIlluminanceSource</name>
            <dataType>String</dataType>
            <semantics></semantics>
          </parameter>          <parameter> 
            <name>globalHorizontalIlluminanceUncertainty</name>
            <dataType>double</dataType>
            <semantics></semantics>
          </parameter>          <parameter> 
            <name>globalHorizontalIrradiance</name>
            <dataType>double</dataType>
            <semantics></semantics>
          </parameter>          <parameter> 
            <name>globalHorizontalIrradianceSource</name>
            <dataType>String</dataType>
            <semantics></semantics>
          </parameter>          <parameter> 
            <name>globalHorizontalIrradianceUncertainty</name>
            <dataType>double</dataType>
            <semantics></semantics>
          </parameter>          <parameter> 
            <name>horizontalVisibility</name>
            <dataType>double</dataType>
            <semantics></semantics>
          </parameter>          <parameter> 
            <name>horizontalVisibilitySource</name>
            <dataType>String</dataType>
            <semantics></semantics>
          </parameter>          <parameter> 
            <name>horizontalVisibilityUncertainty</name>
            <dataType>double</dataType>
            <semantics></semantics>
          </parameter>          <parameter> 
            <name>latitude</name>
            <dataType>double</dataType>
            <semantics></semantics>
          </parameter>          <parameter> 
            <name>liquidPrecipitationDepth</name>
            <dataType>double</dataType>
            <semantics></semantics>
          </parameter>          <parameter> 
            <name>liquidPrecipitationDepthSource</name>
            <dataType>String</dataType>
            <semantics></semantics>
          </parameter>          <parameter> 
            <name>liquidPrecipitationDepthUncertainty</name>
            <dataType>double</dataType>
            <semantics></semantics>
          </parameter>          <parameter> 
            <name>liquidPrecipitationQuantity</name>
            <dataType>double</dataType>
            <semantics></semantics>
          </parameter>          <parameter> 
            <name>longitude</name>
            <dataType>double</dataType>
            <semantics></semantics>
          </parameter>          <parameter> 
            <name>opaqueSkyCover</name>
            <dataType>double</dataType>
            <semantics></semantics>
          </parameter>          <parameter> 
            <name>opaqueSkyCoverSource</name>
            <dataType>String</dataType>
            <semantics></semantics>
          </parameter>          <parameter> 
            <name>opaqueSkyCoverUncertainty</name>
            <dataType>double</dataType>
            <semantics></semantics>
          </parameter>          <parameter> 
            <name>precipitableWater</name>
            <dataType>double</dataType>
            <semantics></semantics>
          </parameter>          <parameter> 
            <name>precipitableWaterSource</name>
            <dataType>String</dataType>
            <semantics></semantics>
          </parameter>          <parameter> 
            <name>precipitableWaterUncertainty</name>
            <dataType>double</dataType>
            <semantics></semantics>
          </parameter>          <parameter> 
            <name>presentWeather</name>
            <dataType>double</dataType>
            <semantics></semantics>
          </parameter>          <parameter> 
            <name>presentWeatherSource</name>
            <dataType>String</dataType>
            <semantics></semantics>
          </parameter>          <parameter> 
            <name>presentWeatherUncertainty</name>
            <dataType>double</dataType>
            <semantics></semantics>
          </parameter>          <parameter> 
            <name>pressure</name>
            <dataType>double</dataType>
            <semantics></semantics>
          </parameter>          <parameter> 
            <name>pressureSource</name>
            <dataType>String</dataType>
            <semantics></semantics>
          </parameter>          <parameter> 
            <name>pressureUncertainty</name>
            <dataType>double</dataType>
            <semantics></semantics>
          </parameter>          <parameter> 
            <name>relativeHumidity</name>
            <dataType>double</dataType>
            <semantics></semantics>
          </parameter>          <parameter> 
            <name>relativeHumiditySource</name>
            <dataType>String</dataType>
            <semantics></semantics>
          </parameter>          <parameter> 
            <name>relativeHumidityUncertainty</name>
            <dataType>double</dataType>
            <semantics></semantics>
          </parameter>          <parameter> 
            <name>stationIDCode</name>
            <dataType>int</dataType>
            <semantics></semantics>
          </parameter>          <parameter> 
            <name>stationName</name>
            <dataType>String</dataType>
            <semantics></semantics>
          </parameter>          <parameter> 
            <name>stationState</name>
            <dataType>String</dataType>
            <semantics></semantics>
          </parameter>          <parameter> 
            <name>time</name>
            <dataType>String</dataType>
            <semantics></semantics>
          </parameter>          <parameter> 
            <name>timeZone</name>
            <dataType>double</dataType>
            <semantics></semantics>
          </parameter>          <parameter> 
            <name>totalSkyCover</name>
            <dataType>double</dataType>
            <semantics></semantics>
          </parameter>          <parameter> 
            <name>totalSkyCoverSource</name>
            <dataType>String</dataType>
            <semantics></semantics>
          </parameter>          <parameter> 
            <name>totalSkyCoverUncertainty</name>
            <dataType>double</dataType>
            <semantics></semantics>
          </parameter>          <parameter> 
            <name>windDirection</name>
            <dataType>double</dataType>
            <semantics></semantics>
          </parameter>          <parameter> 
            <name>windDirectionSource</name>
            <dataType>String</dataType>
            <semantics></semantics>
          </parameter>          <parameter> 
            <name>windDirectionUncertainty</name>
            <dataType>double</dataType>
            <semantics></semantics>
          </parameter>          <parameter> 
            <name>windSpeed</name>
            <dataType>double</dataType>
            <semantics></semantics>
          </parameter>          <parameter> 
            <name>windSpeedSource</name>
            <dataType>String</dataType>
            <semantics></semantics>
          </parameter>          <parameter> 
            <name>windSpeedUncertainty</name>
            <dataType>double</dataType>
            <semantics></semantics>
          </parameter>          <parameter> 
            <name>zenithLuminance</name>
            <dataType>double</dataType>
            <semantics></semantics>
          </parameter>          <parameter> 
            <name>zenithLuminanceSource</name>
            <dataType>String</dataType>
            <semantics></semantics>
          </parameter>          <parameter> 
            <name>zenithLuminanceUncertianty</name>
            <dataType>double</dataType>
            <semantics></semantics>
          </parameter>
        </interactionClass>
      </interactionClass>
    </interactionClass>
  </interactions>
  <dimensions/>
  <transportations/>
  <switches/>
  <dataTypes/>
</objectModel>
