houseName,daylight_set,offset_limit,ramp,deadband
SX2673305B_1_house,79.292,3.142,0.7178,2.926
SX3048196B_1_house,78.923,4.548,1.6404,2.265
SX2991911C_1_house,79.364,3.631,1.4093,2.129
SX2973158C_1_house,79.306,3.737,2.5525,2.197
SX3048208A_1_house,79.21,3.128,2.2312,2.414
SX3029502A_1_house,78.637,3.009,2.1945,2.829
SX3029502A_2_house,79.145,4.762,1.9532,2.397
SX3029502A_3_house,78.848,3.597,1.9249,2.135
SX3104125B_1_house,78.735,3.299,2.6703,2.999
SX3104125B_2_house,78.814,3.72,2.325,2.012
SX3160107A_1_house,78.448,4.868,2.0349,2.238
SX3160107A_2_house,78.372,4.393,1.4444,2.312
SX2785516B_1_house,79.793,4.177,2.5776,2.383
SX3141400A_1_house,79.375,3.849,1.4354,2.207
SX2897775C_1_house,78.264,4.531,2.3717,2.94
SX2897775C_2_house,78.482,3.971,2.9437,2.064
SX3010565C_1_house,79.598,4.964,1.6959,2.148
SX2916609C_1_house,79.023,3.162,1.5181,2.333
SX2879073C_1_house,78.294,3.541,0.8287,2.727
SX3104126C_1_house,78.567,3.748,1.969,2.259
SX3029503C_1_house,78.154,4.072,2.2035,2.51
SX2691950C_1_house,79.088,3.655,2.3919,2.7
SX2691950C_2_house,79.182,4.258,1.4961,2.159
SX2691951C_1_house,78.711,3.908,1.3168,2.869
SX2691951C_2_house,78.504,3.818,0.9074,2.99
SX2879076C_1_house,78.483,3.83,1.4014,2.707
SX2841630C_1_house,79.971,4.38,0.6459,2.233
SX2841630C_2_house,78.476,4.735,2.8505,2.634
SX2841629C_1_house,78.586,3.55,1.9806,2.547
SX2841629C_2_house,78.497,3.097,1.1341,2.862
SX2785523C_1_house,79.421,3.016,1.4317,2.71
SX3216347C_1_house,79.244,4.294,2.001,2.003
SX3141388C_1_house,78.668,4.247,2.7174,2.41
SX3066801C_1_house,79.083,3.6,0.9012,2.952
SX2879055C_1_house,78.153,4.345,1.8223,2.898
SX2973144C_1_house,78.349,3.736,1.6413,2.515
SX2973144C_2_house,79.318,4.529,2.2456,2.89
SX2785518C_1_house,79.546,3.8,1.4508,2.983
SX2766717C_1_house,79.162,3.847,2.6428,2.98
SX2673309C_1_house,79.428,4.074,0.7762,2.726
SX2673309C_2_house,79.213,4.048,1.4127,2.404
SX3104113A_1_house,78.161,4.119,2.4336,2.162
SX3104113A_2_house,79.563,4.519,1.4114,2.987
SX3104121A_1_house,78.555,3.163,2.7047,2.613
SX3104121A_2_house,79.042,3.889,1.3403,2.459
SX2673310A_1_house,79.351,4.688,0.8477,2.778
SX2673310A_2_house,78.151,3.784,1.1054,2.933
SX2916627A_1_house,79.619,4.749,0.7811,2.289
SX2916627A_2_house,78.001,4.211,0.7892,2.159
SX2804283A_1_house,78.586,3.819,1.4338,2.733
SX2804283A_2_house,79.421,4.2,2.908,2.34
SX3104122A_1_house,79.065,3.58,1.9443,2.728
SX3104122A_2_house,79.732,3.803,1.5417,2.628
SX2785519A_1_house,78.24,4.133,1.4198,2.863
SX2785519A_2_house,79.802,3.666,0.7493,2.043
SX2748129A_1_house,78.281,4.63,1.0442,2.728
SX2748129A_2_house,79.044,3.965,2.3246,2.317
SX2973151A_1_house,80.0,4.118,2.8057,2.724
SX2748146A_1_house,78.646,4.186,0.5252,2.677
SX2991913A_1_house,78.449,3.487,1.9716,2.489
SX3235253A_1_house,79.697,4.439,1.375,2.965
SX3235253A_2_house,79.253,3.027,1.7094,2.266
SX2991907A_1_house,79.116,4.718,0.8801,2.966
SX2991907A_2_house,78.529,4.235,0.6073,2.861
SX2879064A_1_house,79.77,3.532,2.5704,2.929
SX2879064A_2_house,78.406,4.633,1.8815,2.906
SX3197637C_1_house,79.207,4.896,2.3214,2.281
SX2860487C_1_house,78.205,3.537,2.5006,2.231
SX2841638C_1_house,78.312,3.598,1.471,2.923
SX3235256A_1_house,79.889,4.299,2.8199,2.707
SX3197630A_1_house,79.121,4.306,1.3607,2.86
SX3197630A_2_house,79.615,4.964,2.9817,2.983
SX3104120B_1_house,79.133,3.172,0.6567,2.402
SX2804251A_1_house,79.139,3.238,1.5438,2.598
SX3254210C_1_house,79.147,4.54,1.7553,2.036
SX3048206A_1_house,78.947,3.663,1.3008,2.051
SX3048206A_2_house,78.305,4.242,0.7445,2.938
SX2710510C_1_house,79.644,3.684,2.5587,2.014
SX3197628C_1_house,79.116,3.516,1.8308,2.271
SX3197628C_2_house,78.828,3.743,2.4165,2.078
SX2766718C_1_house,79.479,3.295,2.3907,2.037
SX2766718C_2_house,79.747,4.112,1.2951,2.168
SX3010556A_1_house,79.53,4.797,1.8429,2.025
SX2710520A_1_house,78.42,3.51,2.3763,2.299
SX2710521A_1_house,78.592,3.794,2.261,2.132
SX2710521A_2_house,79.671,3.61,2.9586,2.938
SX3085396A_1_house,78.393,4.03,0.8511,2.474
SX3085396A_2_house,79.334,4.801,2.9582,2.359
SX3122813A_1_house,79.674,3.091,0.995,2.589
SX3254219C_1_house,78.635,4.117,1.5709,2.15
SX3254219C_2_house,79.435,3.962,1.2456,2.194
SX3254220C_1_house,79.695,4.377,0.6061,2.641
SX3254220C_2_house,78.87,4.257,2.4245,2.74
SX3104134C_1_house,79.176,4.497,1.6316,2.099
SX3104134C_2_house,79.886,3.766,1.4828,2.417
SX2860490A_1_house,78.387,4.556,1.2688,2.845
SX2860490A_2_house,78.204,4.598,0.695,2.961
SX3254218A_1_house,79.343,3.858,1.888,2.596
SX3254218A_2_house,79.542,4.345,2.5712,2.431
SX3066818B_1_house,79.535,4.132,1.5506,2.11
SX3066818B_2_house,79.031,3.31,1.0104,2.845
SX2785528B_1_house,78.231,3.643,1.5665,2.11
SX2748130B_1_house,78.161,3.383,1.1762,2.009
SX2748130B_2_house,79.769,4.948,2.2516,2.084
SX3254212B_1_house,79.519,4.959,0.6815,2.544
SX3254212B_2_house,79.68,3.556,1.8674,2.837
SX2785520B_1_house,78.057,3.976,0.5333,2.608
SX2729411A_1_house,79.488,4.724,2.6108,2.302
SX2897781A_1_house,79.941,3.224,1.3036,2.477
SX3197644A_1_house,79.893,4.73,2.8877,2.454
SX3010566C_1_house,79.046,4.874,0.7951,2.084
SX3236011B_1_house,79.915,4.494,1.7809,2.826
SX3198358B_1_house,79.403,3.537,0.8244,2.684
SX3198358B_2_house,78.185,4.648,0.5374,2.148
SX3104859B_1_house,79.459,3.988,1.9547,2.714
SX2936275B_1_house,78.25,3.61,2.8536,2.963
SX3179674B_1_house,79.444,3.751,1.3978,2.342
SX3179674B_2_house,78.829,3.501,2.0126,2.523
SX2748840B_1_house,78.536,3.07,0.9517,2.904
SX3142099B_1_house,79.643,4.074,2.9471,2.769
SX3142099B_2_house,79.888,4.516,0.5002,2.253
SX3011298C_1_house,79.136,4.037,2.163,2.409
SX2711234B_1_house,79.639,4.411,1.4142,2.295
SX2711234B_2_house,79.166,4.361,2.3499,2.975
SX3198355B_1_house,78.367,3.059,1.5874,2.393
SX2879773A_1_house,78.204,3.64,2.5421,2.176
SX2879773A_2_house,78.45,4.181,1.2786,2.033
SX2786274C_1_house,79.66,4.975,0.5341,2.356
SX2786274C_2_house,78.038,4.912,1.9626,2.632
SX3179682C_1_house,78.057,4.29,2.8524,2.532
SX2936270A_1_house,78.101,4.924,1.0439,2.965
SX2936270A_2_house,78.66,4.338,0.6812,2.916
SX3086078A_1_house,79.373,4.393,1.4158,2.844
SX3086078A_2_house,78.813,4.163,1.6358,2.28
SX3217056A_1_house,79.037,3.689,2.3108,2.016
SX3217056A_2_house,79.365,4.007,2.0521,2.911
SX3217056A_3_house,79.01,3.573,1.754,2.425
SX3217057A_1_house,79.981,4.246,2.5956,2.625
SX2936268C_1_house,78.453,3.583,2.4408,2.227
SX2823592A_1_house,78.707,4.457,1.7918,2.944
SX3160863C_1_house,78.724,3.99,0.9655,2.288
SX2730108C_1_house,78.063,4.545,2.4372,2.587
SX2786204C_1_house,78.678,3.011,2.5257,2.463
SX2786204C_2_house,78.593,4.508,2.2977,2.15
SX2936216C_1_house,78.626,3.053,2.8803,2.589
SX3029498C_1_house,78.322,4.117,0.5426,2.403
SX2991912A_1_house,79.794,4.405,2.3108,2.472
SX3104128A_1_house,79.91,4.724,2.8914,2.216
SX2673315A_1_house,78.382,3.382,2.0101,2.054
SX2766721A_1_house,79.668,4.013,0.7878,2.879
SX2766721A_2_house,79.514,4.001,0.6802,2.315
SX2991906A_1_house,79.889,4.614,2.297,2.425
SX2879054A_1_house,78.822,4.568,2.2873,2.155
SX2879054A_2_house,79.432,3.911,0.7317,2.845
SX3254211B_1_house,79.634,4.55,1.6188,2.058
SX3254211B_2_house,79.379,3.519,2.9101,2.738
SX2729407B_1_house,78.417,4.313,1.4346,2.199
SX2691942B_1_house,79.586,3.583,2.795,2.288
SX3197629B_1_house,79.151,3.316,2.1627,2.076
SX2879065B_1_house,79.204,4.225,1.0815,2.593
SX0247160B_1_house,78.333,4.893,1.6706,2.079
SX0247162B_1_house,79.672,3.249,1.6544,2.309
SX2766732B_1_house,78.899,3.583,1.0553,2.51
SX2897784B_1_house,79.542,4.029,0.8443,2.633
SX2897784B_2_house,78.208,3.01,0.9658,2.278
SX0247171B_1_house,78.306,3.246,2.5457,2.552
SX2936279C_1_house,78.856,5.0,1.1747,2.932
SX2936279C_2_house,78.457,3.216,1.4715,2.349
SX3179678B_1_house,79.439,3.662,2.5633,2.194
SX3179650B_1_house,79.157,4.885,2.3387,2.97
SX2730107C_1_house,79.39,4.924,0.7655,2.648
SX2730107C_2_house,79.485,4.869,2.8039,2.967
SX3048888C_1_house,78.889,4.519,1.7323,2.66
SX3064514C_1_house,78.692,4.329,2.6692,2.034
SX2861158C_1_house,79.216,3.73,1.1692,2.801
SX2861158C_2_house,79.083,4.121,0.7062,2.774
SX2952007C_1_house,78.647,4.657,0.6466,2.166
SX2952007C_2_house,78.63,4.268,2.8823,2.698
SX3254873C_1_house,79.382,4.156,1.3268,2.677
SX2745811C_1_house,78.312,4.493,1.5356,2.593
SX2745811C_2_house,79.22,4.784,1.4571,2.253
SX3142050C_1_house,79.678,4.588,2.1617,2.844
SX2861157C_1_house,78.154,4.938,0.9044,2.611
SX2861157C_2_house,78.095,3.405,1.3364,2.567
SX3086079B_1_house,79.663,3.324,0.9864,2.8
SX2936276B_1_house,79.132,4.93,2.1161,2.621
SX2861223B_1_house,79.788,3.925,1.492,2.173
SX2861223B_2_house,79.434,4.857,2.2996,2.595
SX3086075B_1_house,78.776,3.869,2.1529,2.275
SX2730187A_1_house,79.525,3.75,2.3225,2.168
SX2730187A_2_house,78.33,4.495,0.8893,2.829
SX3104856A_1_house,79.969,4.181,2.9248,2.864
SX2861222A_1_house,79.925,4.471,2.3447,2.648
SX2861222A_2_house,79.84,3.703,1.235,2.902
SX2917330A_1_house,79.846,4.928,1.6281,2.16
SX2917330A_2_house,78.806,3.991,2.7029,2.691
SX2879794A_1_house,79.665,4.973,1.2403,2.957
SX2879794A_2_house,78.202,5.0,2.3212,2.562
SX2936271A_1_house,79.791,4.092,2.5305,2.354
SX2955074A_1_house,79.72,4.078,2.5284,2.257
SX2955074A_2_house,79.487,3.054,1.2787,2.023
SX3030199C_1_house,79.477,4.032,2.2123,2.347
SX3030199C_2_house,79.547,3.643,0.5069,2.225
SX2730163C_1_house,78.01,4.524,1.8153,2.789
SX2730163C_2_house,78.518,4.703,2.4543,2.133
SX2992624A_1_house,79.439,4.083,2.0823,2.368
SX2692654A_1_house,78.427,3.833,2.5899,2.684
SX2842379A_1_house,78.231,4.705,0.5613,2.192
SX2842379A_2_house,79.126,3.65,1.3515,2.279
SX2805031C_1_house,78.21,4.791,1.1253,2.697
SX2805031C_2_house,79.648,3.5,2.4591,2.191
SX3068944B_1_house,79.221,4.917,2.5451,2.257
SX3068944B_2_house,79.132,4.928,1.7974,2.019
SX2767407B_1_house,78.21,3.426,1.6231,2.577
SX2879767B_1_house,79.683,3.142,1.356,2.778
SX2711224B_1_house,79.072,4.559,2.4471,2.489
SX3142098B_1_house,79.54,3.432,2.0663,2.567
SX3142098B_2_house,78.749,4.617,2.2203,2.335
SX2748839B_1_house,79.515,3.187,1.0511,2.391
SX2917310B_1_house,78.245,4.587,1.3392,2.005
SX2861218C_1_house,79.349,3.79,2.7603,2.942
SX2861218C_2_house,78.685,4.484,0.926,2.672
SX2955081A_1_house,78.4,4.215,1.0395,2.394
SX3160878C_1_house,78.916,3.09,0.666,2.806
SX2917336C_1_house,79.325,4.08,2.1904,2.705
SX2674047C_1_house,79.327,3.594,1.4923,2.946
SX3160865A_1_house,78.47,3.0,2.7008,2.053
SX3160865A_2_house,78.619,3.455,2.3711,2.218
SX2767408C_1_house,78.993,3.127,1.5945,2.299
SX3104853C_1_house,79.685,3.632,2.4218,2.601
SX3104853C_2_house,78.618,3.031,2.6533,2.152
SX3254915B_1_house,79.402,4.715,1.0911,2.985
SX3048963B_1_house,79.257,4.081,0.8554,2.153
SX2711226B_1_house,78.915,4.901,2.3322,2.091
SX2711226B_2_house,78.153,3.376,1.5117,2.242
SX3217052C_1_house,78.585,4.974,0.9878,2.642
SX3217052C_2_house,79.748,4.957,1.6188,2.269
SX3217053C_1_house,78.157,3.028,0.8766,2.267
SX3086074C_1_house,78.853,3.984,1.9204,2.961
SX3067507C_1_house,79.596,3.078,0.7352,2.426
SX3067507C_2_house,78.285,3.456,1.542,2.6
SX2955078A_1_house,79.578,3.351,0.8814,2.774
SX2955078A_2_house,79.113,3.259,2.3057,2.944
SX2955077C_1_house,78.352,3.828,1.8065,2.572
SX2955077C_2_house,78.191,3.664,1.7761,2.5
SX3160872C_1_house,78.803,4.864,2.2957,2.284
SX3160872C_2_house,78.525,3.228,1.7581,2.514
SX3198348A_1_house,78.427,3.511,0.9021,2.517
SX3198348A_2_house,79.87,4.764,0.8293,2.333
SX3198348A_3_house,78.201,4.443,0.5873,2.841
SX2711225C_1_house,78.594,4.818,2.761,2.801
SX3030200C_1_house,79.07,3.677,1.7067,2.415
SX3048962A_1_house,78.181,4.936,0.8372,2.775
SX3048962A_2_house,78.145,4.002,2.0676,2.884
SX3160861C_1_house,78.643,3.536,2.3726,2.502
SX3104850C_1_house,78.227,3.733,0.6063,2.577
SX3104850C_2_house,79.773,3.591,2.1248,2.907
SX3251799A_1_house,78.183,3.016,0.7991,2.252
SX3251799A_2_house,79.462,3.515,0.6116,2.652
SX2936211C_1_house,78.031,4.272,0.5809,2.026
SX2842329C_1_house,78.894,3.652,1.777,2.926
SX3104796C_1_house,78.522,3.24,2.1804,2.802
SX3104796C_2_house,78.937,3.435,1.6851,2.609
SX3236004C_1_house,78.449,4.045,2.0637,2.659
SX3160896C_1_house,78.34,3.863,2.3872,2.754
SX3123452C_1_house,79.694,3.128,2.1031,2.615
SX3123452C_2_house,79.59,4.109,0.9682,2.12
SX3254869B_1_house,79.767,3.481,0.8229,2.25
SX3030126C_1_house,78.666,3.257,1.1916,2.957
SX3030126C_2_house,79.849,4.542,2.7438,2.669
SX2767341C_1_house,79.879,3.532,1.2826,2.33
SX2767341C_2_house,78.066,4.055,1.6674,2.899
SX3254870C_1_house,79.397,3.968,1.9818,2.881
SX3254870C_2_house,78.277,4.402,0.9827,2.002
SX3048887B_1_house,79.454,3.39,2.5355,2.528
SX3048887B_2_house,79.05,4.219,0.696,2.255
SX2955005B_1_house,79.748,4.884,1.3112,2.242
SX3216988B_1_house,79.407,3.909,2.3687,2.993
SX3216988B_2_house,79.352,3.102,1.1921,2.239
SX3179607B_1_house,78.409,4.373,0.8356,2.322
SX3179607B_2_house,78.078,4.476,2.2232,2.776
SX2898457A_1_house,78.113,4.554,1.2519,2.661
SX2767340A_1_house,79.099,4.707,2.416,2.346
SX2767340A_2_house,78.138,3.586,2.1601,2.078
SX2767340A_3_house,78.06,3.809,2.3535,2.919
SX2767340A_4_house,78.46,4.059,2.1001,2.211
SX2767340B_1_house,78.999,4.826,2.5309,2.786
SX2767340B_2_house,79.776,3.282,1.4132,2.884
SX2767340B_3_house,79.635,4.766,2.1669,2.813
SX2767340B_4_house,78.176,3.83,2.9062,2.663
SX2767340C_1_house,78.5,3.043,1.9239,2.745
SX2767340C_2_house,78.19,3.612,1.479,2.485
SX2767340C_3_house,78.209,3.739,2.501,2.579
SX2767340C_4_house,78.973,3.436,1.0886,2.693
SX3067478A_1_house,78.705,4.157,1.2215,2.791
SX3067478A_2_house,79.3,4.438,2.2331,2.36
SX2730149C_1_house,79.273,4.196,1.1254,2.911
SX2989566B_1_house,78.791,4.034,1.4793,2.932
SX2973791A_1_house,78.574,3.342,2.9999,2.121
SX2973791A_2_house,78.684,4.507,1.7338,2.691
SX2973791A_3_house,78.018,4.641,2.17,2.658
SX3029055B_1_house,78.452,4.119,1.6293,2.107
SX3029055B_2_house,79.811,3.092,0.5409,2.47
SX3067506C_1_house,78.5,3.207,2.9555,2.355
SX2898515C_1_house,78.053,4.358,2.6114,2.289
SX2898515C_2_house,78.969,3.017,2.0723,2.749
SX3198347C_1_house,79.865,3.871,0.8135,2.429
SX3048946C_1_house,79.065,3.102,2.9417,2.718
SX3048966C_1_house,78.837,3.023,1.737,2.841
SX2992656A_1_house,79.503,3.572,1.6557,2.972
SX2992656A_2_house,79.563,3.533,0.9266,2.888
SX2973833B_1_house,78.841,3.448,1.0292,2.756
SX2786266A_1_house,78.63,4.495,2.7508,2.405
SX2917333A_1_house,79.442,4.69,2.1447,2.795
SX2917333A_2_house,78.512,3.102,2.0261,2.47
SX2842383A_1_house,78.985,3.661,2.1615,2.512
SX2842384C_1_house,79.246,4.471,1.0199,2.058
SX3160871C_1_house,79.017,3.59,1.3667,2.463
SX3160871C_2_house,79.331,4.587,1.6262,2.885
SX3030203C_1_house,78.529,3.675,0.572,2.917
SX3030203C_2_house,79.077,3.151,1.1356,2.825
SX3179673C_1_house,78.918,3.314,1.1039,2.469
SX3048965B_1_house,79.384,3.751,0.626,2.452
SX3048965B_2_house,78.358,4.356,1.1904,2.61
SX2692660A_1_house,78.156,3.095,2.6432,2.296
SX2692660A_2_house,79.223,4.583,1.9563,2.964
SX2692660A_3_house,79.648,4.8,2.5862,2.392
SX2805034A_1_house,79.038,4.381,0.5641,2.965
SX2898522A_1_house,79.608,4.314,0.7806,2.774
SX2898522A_2_house,78.518,4.185,2.0023,2.65
SX2692661A_1_house,78.599,4.631,1.3734,2.785
SX2692661A_2_house,78.895,3.415,2.6501,2.082
SX3067448C_1_house,78.433,3.968,2.7162,2.744
SX3067448C_2_house,79.487,3.326,1.4289,2.496
SX2935552C_1_house,78.458,4.488,0.6534,2.028
SX2822864C_1_house,78.521,3.395,0.924,2.939
SX2822865C_1_house,78.419,3.223,0.5784,2.007
SX2916605C_1_house,79.719,3.119,0.6473,2.99
SX3085394C_1_house,79.252,4.979,0.7993,2.765
SX2804250C_1_house,79.218,4.012,2.8851,2.647
SX2804250C_2_house,79.365,4.683,1.2139,2.959
SX3048205C_1_house,79.75,3.476,0.7296,2.533
SX3048205C_2_house,79.045,4.123,1.6874,2.845
SX3048228C_1_house,78.722,4.174,1.3764,2.797
SX3048228C_2_house,78.191,3.599,2.9612,2.509
SX2935550C_1_house,79.334,4.853,0.9512,2.821
SX2935550C_2_house,79.182,3.288,2.461,2.054
SX2710509C_1_house,79.585,4.522,1.0043,2.08
SX2822862C_1_house,79.265,3.918,1.1071,2.573
SX3066806C_1_house,78.517,4.613,1.054,2.364
SX2916606C_1_house,78.18,3.103,0.576,2.898
SX3235243C_1_house,79.918,4.417,1.8207,2.908
SX3235243C_2_house,79.837,3.967,1.3489,2.697
SX2786273B_1_house,78.141,4.909,2.3723,2.367
SX2786273B_2_house,79.725,3.956,1.1393,2.28
SX2805036B_1_house,79.423,3.244,1.2592,2.127
SX3178997C_1_house,79.519,4.999,1.9752,2.579
SX3122849B_1_house,79.139,3.752,2.0642,2.085
SX2766750C_1_house,79.626,4.934,1.0397,2.225
SX2766750C_2_house,78.441,4.547,0.5724,2.233
SX2763153A_1_house,79.558,4.054,2.1916,2.085
SX2763153A_2_house,79.837,3.289,1.4218,2.016
SX3104157C_1_house,78.798,4.633,2.0243,2.143
SX3104157C_2_house,78.398,3.218,0.968,2.913
SX_293471A_1_house,79.725,3.048,1.467,2.75
SX_293471A_2_house,79.065,4.567,0.8198,2.976
SX_293471B_1_house,78.266,4.079,2.4429,2.619
SX_293471B_2_house,79.622,4.196,1.8857,2.188
SX_293471C_1_house,78.394,4.581,2.7141,2.805
SX_293471C_2_house,79.859,3.329,0.7893,2.393
SX2748158A_1_house,78.482,4.327,2.4187,2.712
SX3104133A_1_house,79.274,4.694,0.7656,2.523
SX3104133A_2_house,78.533,4.039,1.2101,2.465
SX2673346C_1_house,78.895,3.293,0.7351,2.762
SX2673346C_2_house,79.458,4.058,0.5267,2.576
SX3254238B_1_house,78.4,3.909,2.8204,2.854
SX3254238B_2_house,78.863,3.797,2.3911,2.324
SX3048230C_1_house,78.224,4.995,2.4447,2.918
SX3048230C_2_house,79.04,3.443,1.7125,2.233
SX2841637C_1_house,78.666,3.602,2.9815,2.069
SX2841637C_2_house,78.794,4.425,1.407,2.798
SX2897780B_1_house,79.088,3.255,1.2697,2.231
SX2897780B_2_house,78.996,3.569,1.4692,2.92
SX3235255B_1_house,78.461,4.511,2.319,2.402
SX3216370A_1_house,79.934,4.611,0.9777,2.097
SX3216370B_1_house,79.272,4.438,2.4215,2.205
SX3216370C_1_house,78.952,4.029,0.8699,2.196
SX2785527A_1_house,78.414,3.957,2.4013,2.365
SX2766729A_1_house,78.992,4.329,1.402,2.551
SX2766729A_2_house,78.157,4.956,0.5058,2.382
SX3197641A_1_house,78.982,4.483,1.2827,2.498
SX2973161A_1_house,78.332,3.055,2.4152,2.559
SX2973161A_2_house,79.452,4.757,1.2757,2.732
SX2673306C_1_house,78.855,3.098,2.8164,2.719
SX2673306C_2_house,78.129,3.609,2.5494,2.344
SX2785515C_1_house,78.92,3.917,2.7047,2.043
SX2785515C_2_house,78.247,3.241,1.4138,2.455
SX2729429A_1_house,78.819,4.775,2.2748,2.476
SX2729429A_2_house,79.875,4.948,2.4276,2.673
SX2841633A_1_house,79.363,3.436,2.9822,2.559
SX2841633A_2_house,78.332,4.851,1.5948,2.203
SX3235258A_1_house,78.505,3.449,1.2441,2.532
SX3235258B_1_house,78.875,3.408,1.1391,2.42
SX3235258B_2_house,79.57,4.28,2.5419,2.535
SX3235258C_1_house,78.082,4.59,2.5204,2.071
SX2729414A_1_house,79.453,4.427,0.5102,2.462
SX2729414A_2_house,79.099,3.136,1.9378,2.745
SX2729414B_1_house,78.997,4.044,1.0381,2.061
SX2729414B_2_house,78.224,4.381,0.8789,2.226
SX2729414C_1_house,78.755,3.614,1.8805,2.138
SX2729414C_2_house,79.79,4.996,0.7472,2.263
SX2973167B_1_house,78.482,4.027,2.4553,2.602
SX3189189B_1_house,79.689,3.438,1.8725,2.661
SX3189188C_1_house,78.103,3.363,0.9944,2.539
SX3189188C_2_house,78.109,3.435,1.4429,2.571
SX3189188C_3_house,79.739,3.858,2.1754,2.895
SX2935560C_1_house,79.758,4.13,0.7944,2.229
SX2916610B_1_house,79.467,3.065,0.906,2.139
SX2916610B_2_house,79.965,3.089,1.5329,2.278
SX3216368C_1_house,78.716,4.545,1.773,2.407
SX3207907A_1_house,79.884,4.996,0.9805,2.173
SX3207907A_2_house,79.092,4.283,2.8136,2.621
SX3207907A_3_house,78.529,3.143,2.031,2.158
SX3207907B_1_house,79.005,4.325,2.7643,2.8
SX3207907B_2_house,78.661,4.633,1.3837,2.49
SX3207907B_3_house,78.953,4.033,0.7196,2.594
SX3207907B_4_house,79.662,4.831,1.4032,2.42
SX3207907C_1_house,79.975,3.124,2.5984,2.492
SX3207907C_2_house,78.595,3.342,2.0854,2.072
SX3207907C_3_house,78.035,3.861,2.086,2.957
SX2973166C_1_house,78.645,4.139,2.7237,2.642
SX2973166C_2_house,78.816,3.785,1.938,2.321
SX2710532C_1_house,78.343,3.268,2.5294,2.831
SX2860504A_1_house,79.943,4.993,0.5028,2.76
SX3085403A_1_house,79.535,4.42,2.2365,2.346
SX3085403A_2_house,79.126,3.336,2.3399,2.704
SX2954355A_1_house,78.476,3.858,0.5431,2.581
SX3122827A_1_house,78.681,4.448,1.7168,2.547
SX3122827A_2_house,78.015,4.946,0.736,2.634
SX3195751A_1_house,79.436,3.717,2.8512,2.131
SX3195751A_2_house,79.971,3.046,1.9759,2.702
SX2766724C_1_house,78.297,4.457,0.6313,2.939
SX3197647A_1_house,78.04,3.087,0.7577,2.953
SX2821010A_1_house,78.354,4.097,1.5448,2.205
SX2821010A_2_house,79.549,3.156,1.4252,2.248
SX2895461A_1_house,79.645,4.844,0.7005,2.165
SX2895461A_2_house,78.257,3.801,0.8781,2.756
SX2952014A_1_house,78.944,3.981,1.4769,2.033
SX3010585A_1_house,79.227,4.874,0.5406,2.728
SX3010585A_2_house,79.555,4.606,0.5004,2.442
SX3120502A_1_house,78.849,3.864,2.7308,2.132
SX3101789A_1_house,78.954,4.185,1.4378,2.87
SX3101789A_2_house,79.519,4.335,2.8331,2.987
SX3178982A_1_house,78.919,3.198,2.4117,2.148
SX3178982A_2_house,78.867,4.374,0.8679,2.93
SX2841623A_1_house,79.625,3.451,2.4471,2.039
SX3010563A_1_house,78.468,3.909,2.8572,2.719
SX2766727B_1_house,78.926,3.877,1.1595,2.405
SX3029507B_1_house,78.693,4.27,1.7799,2.625
SX3029507B_2_house,78.165,3.35,0.9633,2.299
SX3197643B_1_house,79.275,4.695,2.7432,2.806
SX3197643B_2_house,78.305,3.929,1.4389,2.193
SX3122823B_1_house,79.035,4.3,0.5045,2.606
SX3122823B_2_house,78.13,3.892,1.4151,2.131
SX2766726B_1_house,78.055,3.115,1.8214,2.071
SX2785526B_1_house,78.329,3.831,0.6067,2.857
SX2973162B_1_house,78.631,3.698,2.1596,2.052
SX3010570A_1_house,79.478,4.284,0.7701,2.468
SX2991919A_1_house,79.045,3.213,1.5347,2.405
SX3122824A_1_house,78.396,4.281,2.8151,2.483
SX2860489A_1_house,79.846,3.149,1.4151,2.207
SX3104131A_1_house,78.308,3.483,2.7351,2.167
SX3104131A_2_house,79.209,4.792,2.9477,2.75
SX3048210A_1_house,79.48,4.145,1.3215,2.715
SX3048210A_2_house,78.761,3.747,1.8882,2.572
SX2897778A_1_house,78.264,3.999,0.5739,2.402
SX3104132A_1_house,78.859,3.85,1.0606,2.539
SX3085402A_1_house,78.531,4.495,0.6852,2.335
SX3085402A_2_house,79.036,4.127,2.4057,2.736
SX2804252A_1_house,79.67,3.735,0.6119,2.52
SX2804252A_2_house,79.886,4.235,1.2657,2.654
SX3048214A_1_house,79.188,4.132,1.7434,2.589
SX3048214A_2_house,79.596,3.293,2.0436,2.018
SX3235275B_1_house,78.205,4.693,2.7615,2.644
SX3235275B_2_house,78.875,3.862,1.6755,2.447
SX2897779C_1_house,79.866,3.913,0.8177,2.833
SX2897779C_2_house,79.403,4.953,1.1491,2.35
SX2804261C_1_house,79.94,4.485,1.4206,2.313
SX3178980C_1_house,79.834,3.052,1.7588,2.781
SX2973164A_1_house,78.887,4.64,1.1712,2.543
SX2748132A_1_house,78.004,4.713,2.2766,2.352
SX3254205C_1_house,78.123,4.006,1.62,2.557
SX3254205C_2_house,78.163,3.121,0.9806,2.107
SX3010569A_1_house,78.539,3.152,2.5065,2.584
SX3010569A_2_house,79.435,4.356,1.2113,2.477
SX2673321A_1_house,78.176,4.777,1.2736,2.859
SX2673321A_2_house,78.948,3.234,2.5048,2.812
SX2954354A_1_house,78.095,4.772,1.3873,2.567
SX2954354A_2_house,79.216,4.015,0.9753,2.555
SX2710519A_1_house,78.383,4.836,2.2244,2.115
SX3066819A_1_house,78.856,3.583,2.0704,2.524
SX3066819A_2_house,78.988,3.298,0.5045,2.047
SX3029499A_1_house,79.492,4.497,1.1746,2.295
SX2897772A_1_house,79.45,3.579,1.9558,2.501
SX3122826A_1_house,78.922,3.857,1.2904,2.37
SX3122826A_2_house,79.364,4.281,0.8087,2.144
SX2691953A_1_house,78.35,3.941,1.4596,2.69
SX2860491A_1_house,78.059,4.821,1.6858,2.973
SX2860491B_1_house,79.053,4.197,0.5744,2.005
SX2860491B_2_house,79.484,4.369,2.029,2.254
SX2991922A_1_house,78.968,4.332,0.6278,2.085
SX2991923A_1_house,78.975,4.854,2.4523,2.893
SX2991923A_2_house,79.108,4.836,1.053,2.266
SX3085400C_1_house,79.954,4.597,1.0393,2.809
SX3085400C_2_house,79.274,3.153,2.0848,2.313
SX3141399C_1_house,78.093,3.341,1.2059,2.051
SX3141399C_2_house,78.773,3.386,1.641,2.059
SX2954351C_1_house,79.583,4.858,0.6306,2.302
SX3235266C_1_house,79.584,3.936,1.0235,2.411
SX3235266C_2_house,78.335,3.301,1.9546,2.251
SX2841626C_1_house,78.372,4.418,2.2034,2.048
SX2954350C_1_house,78.296,4.952,1.0839,2.229
SX3178977C_1_house,79.53,3.553,2.1937,2.25
SX3160105C_1_house,79.375,3.529,2.4557,2.294
SX2691945C_1_house,78.161,4.337,1.0336,2.905
SX2691945C_2_house,79.898,4.557,2.6021,2.996
SX3010567C_1_house,78.448,4.752,2.7207,2.267
SX2841625C_1_house,78.905,4.119,0.8929,2.69
SX2897776C_1_house,79.392,4.363,1.4829,2.628
SX2897776C_2_house,79.516,4.258,1.0894,2.162
SX3254215C_1_house,78.873,3.359,0.7714,2.94
SX3122819C_1_house,79.564,4.816,1.5471,2.228
SX3122819C_2_house,78.776,3.308,1.7634,2.89
SX2748133C_1_house,78.72,3.423,0.9429,2.541
SX3085399C_1_house,79.248,4.14,2.2505,2.473
SX2879074A_1_house,78.007,3.14,0.7594,2.286
SX3122820A_1_house,78.045,4.316,2.9448,2.784
SX3122820A_2_house,78.551,4.772,2.7132,2.908
SX2710517A_1_house,78.497,4.188,0.5235,2.197
SX3197639A_1_house,79.373,3.967,2.9861,2.781
SX3197639A_2_house,79.072,3.684,1.3023,2.625
SX3160106A_1_house,78.954,3.323,1.2168,2.855
SX3160106A_2_house,78.506,4.002,1.8804,2.789
SX3008248A_1_house,79.12,4.455,0.6672,2.146
SX3235247A_1_house,78.729,4.94,1.4463,2.099
SX2673312A_1_house,79.533,3.359,2.2618,2.404
SX2673312A_2_house,79.938,3.244,0.8583,2.916
SX2691944A_1_house,79.16,4.388,2.4973,2.76
SX2691944A_2_house,78.532,3.272,0.5639,2.842
SX2710516A_1_house,79.034,3.883,1.6559,2.744
SX2710516A_2_house,79.156,3.414,1.542,2.718
SX2804256B_1_house,79.325,3.563,2.37,2.556
SX2954347B_1_house,78.683,3.216,1.2642,2.725
SX2954347B_2_house,79.742,3.822,0.5655,2.073
SX3178975B_1_house,79.824,4.086,2.2263,2.121
SX3178975B_2_house,78.818,3.341,1.3055,2.372
SX3160100B_1_house,79.518,4.007,1.6438,2.051
SX3085390B_1_house,79.153,3.755,1.0979,2.646
SX2748152B_1_house,78.931,3.06,2.9628,2.021
SX2729434B_1_house,79.648,3.346,2.7486,2.546
SX2916608C_1_house,79.323,3.812,2.7188,2.612
SX2673313B_1_house,78.444,3.809,1.1409,2.846
SX2673313B_2_house,79.666,4.238,1.0516,2.816
SX2804257B_1_house,78.983,4.342,1.1691,2.229
SX2860485B_1_house,78.435,3.578,1.6127,2.203
SX2860506B_1_house,78.668,4.9,2.5514,2.149
SX3122815B_1_house,79.258,3.723,1.3639,2.141
SX3254213B_1_house,79.807,4.114,1.7172,2.27
SX3254213B_2_house,79.88,3.179,1.3426,2.569
SX2785543B_1_house,79.842,4.778,2.3884,2.921
SX2785543B_2_house,78.955,4.991,0.9084,2.757
SX3235248C_1_house,78.343,3.026,1.959,2.771
SX2764412A_1_house,78.896,4.901,1.4107,2.832
SX2764412A_2_house,79.639,4.624,1.8465,2.882
SX3027132A_1_house,79.783,3.879,1.3618,2.631
SX3101787A_1_house,79.989,4.772,1.2463,2.527
SX3101787A_2_house,79.147,3.77,2.7528,2.009
SX3101788A_1_house,79.157,4.098,2.7371,2.536
SX3101788A_2_house,79.83,4.692,1.307,2.74
SX2876812A_1_house,78.462,4.84,2.2428,2.006
SX2970811A_1_house,79.478,4.591,0.5953,2.906
SX2970811A_2_house,79.32,3.767,2.9454,2.429
SX2916607C_1_house,78.284,4.494,1.9794,2.679
SX2916607C_2_house,79.478,4.91,1.779,2.966
SX3010564C_1_house,79.105,4.783,0.8064,2.858
SX2710515C_1_house,78.333,3.063,2.7786,2.974
SX2710515C_2_house,78.616,3.448,1.4419,2.834
SX2766746C_1_house,79.809,3.524,2.3388,2.114
SX2766746C_2_house,78.36,4.412,0.5039,2.807
SX2691941C_1_house,79.649,3.886,0.7218,2.822
SX2691941C_2_house,79.792,4.054,1.1315,2.985
SX3235241C_1_house,79.812,4.944,2.8163,2.674
SX3235241C_2_house,79.992,3.331,1.1974,2.904
SX3104118C_1_house,79.442,3.367,1.8636,2.982
SX3104118C_2_house,78.369,3.576,0.6849,2.812
SX2748126C_1_house,78.597,4.734,2.2452,2.435
SX2748126C_2_house,79.892,3.109,1.2429,2.611
SX3235267C_1_house,79.83,3.155,1.6875,2.978
SX3235267C_2_house,78.606,3.802,0.7379,2.8
SX2841645C_1_house,79.397,4.252,1.4361,2.882
SX2841645C_2_house,78.685,3.436,2.0876,2.744
SX3066829C_1_house,78.7,4.923,2.6102,2.034
SX3066829C_2_house,79.392,4.502,1.3502,2.426
SX3254203B_1_house,78.337,3.228,2.7522,2.919
SX2860480B_1_house,78.804,3.949,1.3925,2.638
SX2860480B_2_house,78.692,3.775,2.566,2.229
SX3197624B_1_house,78.493,3.946,2.7284,2.566
SX2822860B_1_house,79.298,4.092,2.8067,2.509
SX2822860B_2_house,78.527,4.747,2.8264,2.971
SX3048199B_1_house,78.13,4.793,0.5797,2.234
SX2710508B_1_house,79.299,3.12,1.0604,2.117
SX3122810B_1_house,78.866,4.166,1.8696,2.77
SX3122810B_2_house,78.433,4.639,2.0688,2.688
SX2897765B_1_house,78.363,4.216,1.8395,2.404
SX2804248B_1_house,79.798,3.663,0.5224,2.847
SX2785512B_1_house,78.237,3.059,2.8806,2.409
SX2785512B_2_house,78.376,3.149,0.7993,2.402
SX2935553B_1_house,79.75,3.074,0.5786,2.598
SX2935553B_2_house,78.132,4.837,1.9992,2.695
SX3048207B_1_house,79.47,3.698,1.2603,2.626
SX2729427B_1_house,78.96,4.807,2.5049,2.517
SX2748131B_1_house,79.332,3.235,2.7353,2.677
SX2879066B_1_house,79.558,3.26,0.6488,2.329
SX2973152B_1_house,79.935,4.29,1.1533,2.685
SX2973152B_2_house,78.622,4.47,1.2581,2.753
SX2879068B_1_house,78.438,3.047,2.7039,2.862
SX2879068B_2_house,78.313,4.71,0.5918,2.642
SX2860484B_1_house,78.469,4.371,1.5465,2.905
SX3085397B_1_house,78.201,3.132,1.2067,2.457
SX3085397B_2_house,78.128,3.578,1.0914,2.483
SX3066812A_1_house,78.538,4.949,2.0438,2.987
SX3066812A_2_house,78.187,4.663,1.6288,2.948
SX3216344B_1_house,79.762,3.364,1.7207,2.362
SX3216344B_2_house,79.685,3.658,0.5369,2.798
SX3216344B_3_house,79.55,4.03,2.1789,2.314
SX2860501B_1_house,78.541,4.461,1.5856,2.34
SX2860501B_2_house,78.535,4.949,2.1069,2.772
SX3197632B_1_house,79.818,3.131,1.0576,2.595
SX2710514B_1_house,78.083,4.925,2.0524,2.79
SX2710514B_2_house,79.797,4.759,1.1777,2.199
SX3048203B_1_house,78.486,3.236,0.9557,2.962
SX3048203B_2_house,79.342,4.504,2.0851,2.485
SX2860500B_1_house,79.281,4.34,2.0944,2.265
SX3197660B_1_house,79.881,4.566,0.9477,2.458
SX3197660B_2_house,79.103,3.86,1.631,2.467
SX2897800B_1_house,79.847,3.157,2.292,2.72
SX3235246B_1_house,78.365,3.239,1.1368,2.134
SX2710512B_1_house,79.079,3.047,1.7221,2.007
SX2710512B_2_house,78.631,4.697,1.2534,2.812
SX2897791B_1_house,78.069,4.676,1.5593,3.0
SX2897791B_2_house,78.464,4.214,1.0632,2.981
SX2916618B_1_house,78.791,4.356,1.2411,2.683
SX2916618B_2_house,79.856,3.117,0.558,2.743
SX3160113B_1_house,79.006,3.572,1.3053,2.863
SX3160113B_2_house,79.996,3.154,1.9758,2.869
SX2804269B_1_house,79.652,4.517,1.6511,2.699
SX2804269B_2_house,78.26,3.464,2.6347,2.356
SX2989564B_1_house,79.716,3.67,2.8818,2.641
SX2897789B_1_house,78.302,4.035,0.7875,2.064
SX2690941B_1_house,79.318,3.041,2.8993,2.82
SX2690941B_2_house,78.447,4.103,2.6454,2.985
SX3234185B_1_house,79.514,3.57,1.4193,2.333
SX3234185B_2_house,78.568,4.232,2.3645,2.755
SX3065750B_1_house,79.085,4.396,2.6486,2.442
SX3065750B_2_house,78.195,3.67,1.4665,2.914
SX3159037B_1_house,78.701,4.777,1.01,2.189
SX3159037B_2_house,78.338,3.388,0.577,2.894
SX2748124B_1_house,79.728,3.195,2.3209,2.013
SX2748124B_2_house,78.336,4.832,0.58,2.982
SX2710504B_1_house,78.774,3.098,0.9694,2.816
SX2710504B_2_house,78.73,3.96,2.7628,2.973
SX2954346B_1_house,78.926,4.742,1.3636,2.974
SX2954346B_2_house,79.19,4.458,1.6005,2.474
SX2710505B_1_house,78.955,4.762,1.1897,2.419
SX3178974B_1_house,79.826,3.798,1.2431,2.349
SX2691943B_1_house,78.186,4.253,0.8831,2.325
SX2916603B_1_house,78.516,4.313,1.3128,2.589
SX2804254A_1_house,79.706,3.994,1.5778,2.434
SX2804254A_2_house,79.224,3.038,2.6717,2.2
SX2710513B_1_house,78.517,4.5,2.4746,2.316
SX2973149B_1_house,79.168,3.377,1.0965,2.056
SX3010562B_1_house,78.566,3.978,0.8522,2.741
SX3254228B_1_house,79.755,4.963,1.1804,2.988
SX3254228B_2_house,79.427,3.801,1.5176,2.281
SX2936213B_1_house,78.01,3.054,1.4052,2.017
SX2936213B_2_house,78.171,4.743,1.5427,2.143
SX2692633C_1_house,79.826,4.149,2.1681,2.157
SX2692633C_2_house,79.141,4.445,1.5459,2.701
SX3179646B_1_house,79.357,3.404,1.5629,2.747
SX3179646B_2_house,79.223,4.011,0.6191,2.11
SX3104830C_1_house,78.29,4.379,2.9843,2.172
SX3142078B_1_house,79.663,3.068,2.2768,2.089
SX2879752B_1_house,79.581,3.995,0.5372,2.732
SX2952003B_1_house,78.168,3.483,2.4385,2.947
SX2952003B_2_house,78.214,3.824,0.935,2.503
SX2990826A_1_house,79.624,4.705,2.4275,2.743
SX2990826A_2_house,79.994,3.804,2.2779,2.225
SX2990826B_1_house,78.76,4.664,2.8655,2.549
SX2990826B_2_house,79.764,3.272,2.1198,2.883
SX2990826C_1_house,79.041,4.238,1.2489,2.228
SX2990826C_2_house,78.398,3.84,1.3218,2.876
SX3197626C_1_house,78.182,3.479,0.9866,2.405
SX3066807C_1_house,79.517,4.124,2.3331,2.585
SX3197627C_1_house,78.361,4.644,1.1082,2.221
SX3197627C_2_house,78.921,4.761,0.8024,2.012
SX3216343C_1_house,78.897,4.666,1.9117,2.943
SX3216343C_2_house,79.707,4.823,2.8576,2.885
SX3085393C_1_house,79.538,4.652,0.7148,2.067
SX3085393C_2_house,79.569,3.672,0.8063,2.86
SX2897770C_1_house,78.077,4.698,1.8338,2.253
SX2897770C_2_house,78.198,3.145,0.8594,2.889
SX2748128C_1_house,78.802,3.386,2.1012,2.38
SX2748128C_2_house,78.03,3.407,2.9197,2.846
SX3085392C_1_house,78.599,3.525,1.1531,2.597
SX3029497C_1_house,79.176,3.857,2.4875,2.5
SX2673307C_1_house,79.883,3.324,2.7588,2.127
SX2729406C_1_house,78.598,3.508,2.6913,2.724
SX2897768C_1_house,78.58,3.193,1.7334,2.371
SX2897768C_2_house,79.658,4.19,2.7911,2.726
SX2822863C_1_house,78.879,3.927,1.9581,2.924
SX2841619C_1_house,79.888,4.65,2.8243,2.48
SX2841619C_2_house,78.848,4.938,2.6318,2.29
SX2804282C_1_house,79.022,3.657,2.341,2.772
SX3104154C_1_house,78.601,4.735,2.3718,2.233
SX3104154C_2_house,78.647,3.056,1.3925,2.71
SX2897806C_1_house,78.058,3.366,2.8955,2.296
SX3216342B_1_house,78.349,3.367,2.1017,2.736
SX3216342B_2_house,79.491,4.175,2.7137,2.09
SX2879063B_1_house,78.447,4.24,1.6502,2.042
SX2879063B_2_house,78.997,4.651,1.9756,2.439
SX3048227A_1_house,79.11,3.771,1.8801,2.472
SX3048227A_2_house,79.512,4.608,0.9199,2.929
SX3216367B_1_house,79.49,4.3,2.166,2.379
SX3216367B_2_house,79.977,3.714,1.6334,2.408
SX3010561A_1_house,79.049,3.409,1.5886,2.756
SX2991939B_1_house,79.339,4.291,0.5174,2.957
SX2991939B_2_house,79.277,3.28,2.9747,2.123
SX2673308B_1_house,78.953,4.059,1.4553,2.21
SX2673308B_2_house,78.491,4.262,1.2888,2.147
SX3066808C_1_house,79.751,4.522,2.7766,2.145
SX3141396C_1_house,79.171,4.342,0.5894,2.553
SX3066810C_1_house,79.121,4.78,1.4785,2.159
SX3066810C_2_house,78.117,4.308,2.547,2.371
SX2897769C_1_house,79.524,3.104,2.8128,2.603
SX2897769C_2_house,78.164,4.017,0.5132,2.445
SX2766749B_1_house,79.369,3.222,1.2724,2.692
SX2766749B_2_house,78.153,4.394,1.6213,2.236
SX2973178B_1_house,78.52,3.601,0.8056,2.05
SX3029518B_1_house,78.312,3.191,1.5048,2.492
SX3029518B_2_house,78.168,4.0,1.2736,2.778
SX2935549B_1_house,79.647,4.961,2.1905,2.459
SX2935549B_2_house,78.155,4.953,1.5786,2.161
SX3122811A_1_house,79.998,3.581,2.3664,2.149
SX3122811A_2_house,78.725,3.036,1.382,2.349
SX3254207A_1_house,79.194,3.954,2.2153,2.508
SX2822877B_1_house,78.659,3.566,1.819,2.283
SX2841618A_1_house,79.211,3.096,0.5595,2.365
SX2841618A_2_house,79.615,3.742,2.7109,2.271
SX3066805A_1_house,78.989,4.278,2.8585,2.885
SX3066805A_2_house,78.095,4.493,2.8736,2.893
SX2785514A_1_house,79.685,4.097,0.9428,2.936
SX2785514A_2_house,79.456,3.629,1.5295,2.59
SX3235244A_1_house,78.653,4.058,1.4358,2.769
SX3235244A_2_house,78.81,4.922,0.7023,2.67
SX2785513A_1_house,79.677,3.43,1.7938,2.145
SX2785513A_2_house,78.789,4.197,1.0808,2.671
SX3160101A_1_house,79.57,3.414,1.3204,2.975
SX3160101A_2_house,78.904,3.044,2.5143,2.34
SX3010559A_1_house,79.846,4.584,2.1213,2.917
SX3159448A_1_house,79.194,3.13,0.9489,2.528
SX3159448A_2_house,78.137,3.895,2.2758,2.963
SX2973156B_1_house,78.707,4.347,1.8939,2.262
SX3029501B_1_house,79.645,4.306,0.5629,2.173
SX2691949B_1_house,78.152,4.463,1.4042,2.812
SX2691949B_2_house,78.281,3.181,1.4897,2.188
SX3104127B_1_house,78.65,3.818,0.5772,2.891
SX3104127B_2_house,78.586,3.388,1.229,2.053
SX2897774B_1_house,78.911,4.647,1.4938,2.497
SX2879061B_1_house,78.361,4.773,0.9642,2.103
SX3066813B_1_house,79.161,4.826,2.5485,2.618
SX2991910B_1_house,78.025,4.685,2.1523,2.806
SX2879072B_1_house,78.76,3.427,2.1498,2.913
SX3197635B_1_house,79.835,3.624,1.5928,2.922
SX2804258B_1_house,78.632,4.822,2.4783,2.141
SX2804258B_2_house,79.379,4.737,1.6376,2.864
SX3235250B_1_house,79.205,3.685,2.2891,2.136
SX2954349B_1_house,79.894,4.094,0.5927,2.763
SX2954349B_2_house,78.698,4.425,2.7507,2.545
SX2766722B_1_house,79.335,4.315,0.5514,2.418
SX2766722B_2_house,79.687,3.483,2.3931,2.661
SX2879071B_1_house,79.046,3.099,2.035,2.857
SX2879071B_2_house,79.032,4.821,1.8754,2.269
SX3029504B_1_house,79.795,4.557,1.2275,2.86
SX3029504B_2_house,78.96,3.879,0.6066,2.69
SX2691948B_1_house,78.681,3.042,2.0145,2.904
SX2710546B_1_house,79.098,3.982,1.4221,2.204
SX2710546B_2_house,78.623,4.78,1.2443,2.175
SX2785547B_1_house,78.506,3.805,0.5583,2.516
SX2785547B_2_house,79.701,4.669,1.6989,2.186
SX3254214B_1_house,78.267,4.086,0.6442,2.625
SX3254214B_2_house,79.884,4.595,0.5207,2.605
SX3160104B_1_house,78.986,4.061,1.3009,2.516
SX3160104B_2_house,79.373,4.631,2.6602,2.606
SX3216349B_1_house,78.853,3.056,2.2201,2.113
SX2879077B_1_house,78.944,4.559,1.3022,2.524
SX2991916B_1_house,78.718,4.132,2.6852,2.461
SX2991916B_2_house,79.471,3.028,1.8467,2.689
SX3235245C_1_house,78.705,4.894,2.243,2.201
SX2766716C_1_house,79.7,3.836,1.4379,2.79
SX3254209C_1_house,79.381,3.002,1.4683,2.86
SX3254209C_2_house,78.386,4.243,1.1173,2.934
SX3254204A_1_house,78.318,4.911,2.7849,2.729
SX2841627A_1_house,78.594,4.423,1.0312,2.656
SX3216348A_1_house,78.326,3.269,2.1505,2.67
SX2691947A_1_house,78.864,3.121,1.8959,2.068
SX2841648A_1_house,78.892,4.492,1.3662,2.99
SX2973157A_1_house,79.775,3.246,1.4155,2.103
SX2973157A_2_house,78.623,3.666,1.3102,2.231
SX3178978A_1_house,79.207,3.357,1.931,2.315
SX2879075A_1_house,78.479,4.085,2.0871,2.599
SX3082992A_1_house,79.312,4.196,1.4095,2.955
SX2728247A_1_house,78.149,4.542,1.9164,2.011
SX2728247B_1_house,78.946,3.217,0.5256,2.877
SX2728247B_2_house,79.631,3.273,2.7986,2.074
SX2728247C_1_house,78.391,4.84,1.4173,2.818
SX3197633A_1_house,78.871,3.214,1.3883,2.054
SX3197633A_2_house,79.385,3.273,0.6909,2.203
SX2879069A_1_house,78.286,4.424,0.9728,2.917
SX3178971A_1_house,78.399,3.985,2.4577,2.548
SX2973154A_1_house,79.101,3.713,0.7596,2.304
SX2973155A_1_house,79.722,4.084,2.6228,2.006
SX3122814C_1_house,78.063,3.745,2.3112,2.913
SX2991908A_1_house,79.87,3.678,1.8306,2.941
SX2860481C_1_house,78.399,4.044,2.8607,2.527
SX2841621C_1_house,78.105,4.566,2.8449,2.293
SX2841621C_2_house,79.888,3.206,1.3935,2.001
SX2804255B_1_house,79.409,4.143,1.7885,2.138
SX2804255B_2_house,78.641,4.36,1.5057,2.623
SX2954345C_1_house,78.672,3.779,0.6177,2.707
SX2935555A_1_house,78.375,3.396,0.6489,2.229
SX2897773A_1_house,78.749,4.714,1.9236,2.261
SX2748127A_1_house,79.785,4.564,2.0847,2.632
SX3197631A_1_house,78.433,3.65,1.4796,2.301
SX2935554A_1_house,79.678,4.502,2.486,2.174
SX2822866B_1_house,78.108,3.646,1.1038,2.897
SX2822866B_2_house,78.776,4.153,2.3358,2.693
SX3178972C_1_house,78.333,3.521,1.5854,2.783
SX3178972C_2_house,78.765,3.99,1.8204,2.337
SX3178972C_3_house,78.86,4.084,1.4602,2.335
SX3104123C_1_house,79.612,3.221,2.8985,2.356
SX2973153A_1_house,78.004,3.31,2.193,2.896
SX3216123A_1_house,79.324,4.551,0.8153,2.032
SX2972930A_1_house,79.286,4.292,2.5089,2.31
SX2972930A_2_house,79.102,4.845,2.032,2.784
SX3029506B_1_house,79.646,3.294,1.1768,2.041
SX2785521C_1_house,79.339,3.3,1.8824,2.229
SX2785521C_2_house,78.685,3.106,0.7584,2.819
SX3197661C_1_house,79.942,3.041,1.7589,2.912
SX3216345B_1_house,78.252,4.047,1.7527,2.596
SX3216345B_2_house,79.341,3.906,0.7263,2.051
SX2879070B_1_house,79.922,4.437,2.1601,2.962
SX2973160B_1_house,78.383,3.948,2.1878,2.567
SX3066815C_1_house,78.561,4.731,0.9959,2.568
SX3066815C_2_house,78.047,4.837,1.3848,2.117
SX2897777C_1_house,79.438,4.503,1.3089,2.288
SX2897777C_2_house,78.055,3.004,1.4113,2.605
SX2991914C_1_house,78.869,3.651,1.1456,2.199
SX2822869A_1_house,79.267,3.136,1.3222,2.123
SX2822869A_2_house,78.985,3.987,2.4862,2.587
SX2729410C_1_house,79.855,3.627,2.2857,2.203
SX2729410C_2_house,79.117,4.501,0.5452,2.938
SX3197640C_1_house,79.228,3.312,2.2911,2.932
SX2954353A_1_house,78.821,4.659,1.9758,2.073
SX2954353A_2_house,79.288,3.446,1.6056,2.051
SX3160109B_1_house,78.846,3.679,2.9359,2.276
SX3160109B_2_house,79.876,3.804,2.1471,2.664
SX3104136B_1_house,79.191,4.575,2.2323,2.72
SX2822872B_1_house,79.352,3.637,2.7437,2.193
SX2822872B_2_house,78.308,3.887,2.9137,2.791
SX3122821B_1_house,79.024,4.937,1.6275,2.151
SX3122821B_2_house,78.067,4.667,1.0893,2.791
SX2860482A_1_house,78.882,3.657,1.1196,2.357
SX2860482A_2_house,78.213,3.308,1.0172,2.803
SX3010560B_1_house,78.797,3.421,1.8441,2.298
SX3010560B_2_house,78.583,3.845,1.5204,2.079
SX3104119A_1_house,79.621,3.006,2.3772,2.077
SX3104119A_2_house,78.856,4.779,2.5731,2.901
SX2785517C_1_house,79.572,4.568,0.9199,2.199
SX3066809C_1_house,79.377,3.786,1.1109,2.04
SX3066809C_2_house,79.86,4.624,1.3649,2.566
SX2954344C_1_house,78.839,4.967,1.8803,2.276
SX2954344C_2_house,79.705,4.444,1.4195,2.411
SX2897767C_1_house,78.096,4.833,0.7628,2.993
SX2897767C_2_house,79.774,4.836,2.8426,2.51
SX3254208C_1_house,79.21,3.492,2.285,2.347
SX3254208C_2_house,79.82,4.145,1.215,2.99
SX2748125C_1_house,78.75,4.032,2.2278,2.965
SX2748125C_2_house,78.083,3.648,1.2457,2.814
SX2673303C_1_house,79.565,4.977,1.5759,2.562
SX3104117C_1_house,79.363,3.473,2.4729,2.394
SX3104117C_2_house,79.358,3.011,0.7976,2.596
SX3010568A_1_house,78.533,4.362,0.9969,2.406
SX3010568A_2_house,79.124,3.162,2.5992,2.688
SX3029505C_1_house,79.169,4.521,2.4545,2.276
SX3029505C_2_house,79.061,3.855,0.8175,2.854
SX2673318C_1_house,78.306,3.575,1.9992,2.528
SX2673318C_2_house,79.731,4.281,0.8002,2.409
SX3178979C_1_house,78.92,4.048,0.5299,2.654
SX3178979C_2_house,78.17,4.255,0.5643,2.926
SX3104129A_1_house,78.332,4.662,1.0468,2.775
SX3104129A_2_house,79.345,4.647,1.7881,2.41
SX3141401A_1_house,78.356,3.173,1.6345,2.175
SX3141401A_2_house,78.598,3.765,2.1632,2.865
SX2841632B_1_house,78.916,3.511,1.5246,2.362
SX2841632B_2_house,79.132,3.28,2.6172,2.493
SX2748157A_1_house,79.756,3.595,2.5296,2.453
SX2748157A_2_house,79.448,3.059,1.8546,2.717
SX2785537A_1_house,78.889,4.955,0.9022,2.267
SX2691967B_1_house,79.049,3.742,2.5628,2.277
SX2916620A_1_house,78.82,4.609,0.8286,2.632
SX2916620B_1_house,78.541,3.125,1.6096,2.382
SX2916620C_1_house,78.575,3.214,1.4486,3.0
SX2766738C_1_house,79.36,3.675,1.7927,2.938
SX2766738C_2_house,79.1,4.175,2.9903,2.279
SX3066814B_1_house,78.883,4.915,0.8255,2.203
SX2820535B_1_house,79.529,3.86,1.6612,2.283
SX2820535B_2_house,79.765,4.146,1.4888,2.157
SX2785534B_1_house,78.365,3.121,2.3415,2.034
SX2785534B_2_house,79.016,4.476,0.8351,2.798
SX2691965B_1_house,78.627,3.484,1.4462,2.74
SX2748144A_1_house,78.54,3.544,1.9731,2.517
SX2748144A_2_house,79.201,3.595,2.2257,2.694
SX2897792A_1_house,78.633,4.619,2.7082,2.448
SX2785538A_1_house,78.162,4.08,0.6632,2.278
SX2785538A_2_house,78.426,3.146,0.6641,2.528
SX2897793A_1_house,78.771,3.9,1.9466,2.841
SX3254231A_1_house,78.666,4.394,1.6269,2.451
SX3254230A_1_house,78.611,3.642,2.1423,2.17
SX2673331B_1_house,79.897,4.282,1.4259,2.158
SX2673331B_2_house,79.389,3.667,1.8403,2.321
SX2673331B_3_house,78.858,4.994,2.6376,2.705
SX2935567B_1_house,78.301,4.42,1.5357,2.469
SX2804272B_1_house,78.048,3.757,1.8092,2.359
SX3160115B_1_house,79.01,3.36,1.2091,2.447
SX3160115B_2_house,79.181,3.627,1.0313,2.34
SX3160115B_3_house,78.625,4.031,2.7286,2.913
SX3254227B_1_house,78.434,4.967,2.7942,2.087
SX2860499B_1_house,78.695,3.526,0.9382,2.465
SX2860499B_2_house,78.383,4.363,2.9471,2.84
SX2860499B_3_house,79.9,4.385,0.8803,2.902
SX3254229B_1_house,79.321,4.007,2.6518,2.659
SX3254229B_2_house,78.188,3.553,1.1795,2.384
SX2822873B_1_house,79.243,3.829,1.6673,2.098
SX3178988B_1_house,79.15,3.614,0.8934,2.645
SX2785536B_1_house,79.993,3.102,0.5523,2.864
SX3066826B_1_house,78.103,4.259,2.8876,2.441
SX3066826B_2_house,79.884,4.885,0.591,2.667
SX3197653B_1_house,78.298,3.401,2.2566,2.252
SX3197653B_2_house,78.253,4.35,1.3877,2.59
SX2785535B_1_house,78.601,3.886,1.1945,2.06
SX2785535B_2_house,78.521,3.318,1.6777,2.332
SX2916619B_1_house,79.941,3.518,1.2651,2.695
SX2916619B_2_house,79.803,3.934,2.2578,2.014
SX2916617B_1_house,79.556,4.421,1.8085,2.885
SX2916617B_2_house,79.658,4.258,1.5162,2.604
SX3122835B_1_house,79.611,3.735,2.6526,2.894
SX2691966B_1_house,79.809,3.247,2.3009,2.972
SX2691966B_2_house,78.129,4.558,0.9567,2.385
SX2691966B_3_house,79.82,3.124,1.2373,2.836
SX3104145B_1_house,78.268,4.481,2.0992,2.122
SX2973171B_1_house,78.022,4.261,1.4036,2.386
SX2973171B_2_house,79.972,3.59,1.6264,2.391
SX2804270B_1_house,78.023,4.098,1.6941,2.416
SX3235273B_1_house,79.452,3.191,0.7732,2.568
SX3235273B_2_house,79.797,4.875,0.9936,2.044
SX2729423C_1_house,79.879,4.393,2.7274,2.19
SX2729424A_1_house,78.607,4.458,2.2287,2.99
SX3160114A_1_house,78.847,3.306,2.6401,2.087
SX3104144A_1_house,79.746,4.823,1.4063,2.66
SX3197652A_1_house,78.983,4.44,1.5935,2.701
SX3197652A_2_house,79.226,3.702,2.9609,2.914
SX3141394B_1_house,78.226,3.406,1.9725,2.146
SX3141394B_2_house,79.625,3.251,1.3674,2.127
SX2804277C_1_house,78.693,4.96,2.5157,2.291
SX2804277C_2_house,79.028,4.476,2.3741,2.292
SX3197625C_1_house,79.17,3.583,1.7148,2.086
SX2785511A_1_house,78.747,3.934,1.1551,2.266
SX2785511A_2_house,79.022,3.24,2.0726,2.324
SX2973148A_1_house,78.076,3.339,1.6908,2.514
SX2973148A_2_house,78.169,3.223,2.7675,2.511
SX3160098A_1_house,78.356,4.24,1.5759,2.138
SX2916602A_1_house,79.813,3.7,2.3398,2.465
SX2916602A_2_house,78.485,3.605,2.6657,2.588
SX3231255C_1_house,78.084,4.973,1.599,2.701
SX3231255C_2_house,78.784,4.283,2.6392,2.681
SX3118855C_1_house,78.045,3.876,1.5172,2.159
SX3118855C_2_house,79.164,3.187,1.2518,2.032
SX3085410B_1_house,79.979,4.185,2.2402,2.385
SX2992556C_1_house,78.106,4.833,1.2639,2.149
SX3198356C_1_house,78.281,3.289,2.6433,2.52
SX3048968C_1_house,78.756,4.977,1.67,2.681
SX3048968C_2_house,79.608,4.601,1.6043,2.088
SX2767414C_1_house,78.657,4.358,0.8261,2.313
SX3045895C_1_house,78.113,4.304,1.8412,2.259
SX3045895C_2_house,78.858,4.286,1.7485,2.001
SX2692664C_1_house,79.196,4.056,2.2931,2.281
SX2991901B_1_house,79.816,4.107,0.6301,2.228
SX2991901B_2_house,79.192,4.656,1.0807,2.736
SX2673322B_1_house,79.071,4.911,1.306,2.01
SX2766730B_1_house,79.706,4.527,1.553,2.732
SX2689691A_1_house,79.785,3.19,2.4515,2.436
SX2689691A_2_house,79.457,4.251,1.2805,2.832
SX2914323B_1_house,78.212,3.44,1.9723,2.282
SX3048222C_1_house,79.895,3.239,0.9071,2.927
SX3048222C_2_house,78.506,4.431,1.2426,2.87
SX3122837C_1_house,79.148,4.932,1.1978,2.853
SX3122837C_2_house,78.413,4.246,1.851,2.986
SX2991933C_1_house,79.294,3.048,2.5761,2.305
SX2991933C_2_house,78.229,3.598,0.7009,2.031
SX2991933C_3_house,78.836,3.132,0.9724,2.28
SX2710525C_1_house,79.809,3.533,2.3004,2.572
SX2710525C_2_house,78.016,4.616,2.8466,2.198
SX2673323C_1_house,78.736,4.959,1.3045,2.352
SX2673323C_2_house,78.965,3.611,1.346,2.449
SX2710542B_1_house,78.417,3.473,1.9952,2.225
SX2710542B_2_house,79.86,4.05,0.5319,2.048
SX2766742B_1_house,78.861,4.524,2.9602,2.127
SX3254234B_1_house,78.743,4.358,2.7109,2.802
SX3254234B_2_house,78.287,3.178,2.2321,2.818
SX3104114B_1_house,78.48,4.129,2.8403,2.351
SX3104114B_2_house,78.563,3.388,1.9067,2.515
SX2822857B_1_house,79.861,4.157,1.0609,2.357
SX2691939B_1_house,78.775,4.185,0.8951,2.363
SX2691939B_2_house,79.226,4.14,2.2067,2.022
SX2860478B_1_house,78.003,3.851,2.6252,2.239
SX2822858B_1_house,79.759,3.977,0.7363,2.31
SX2822858B_2_house,78.268,3.206,2.9247,2.537
SX3254206B_1_house,78.172,3.737,2.2952,2.943
SX3254206B_2_house,79.537,3.4,2.1722,2.991
SX2766715B_1_house,78.435,4.991,0.7855,2.93
SX2860479B_1_house,78.382,3.057,2.15,2.076
SX3178969B_1_house,78.089,3.612,2.0425,2.833
SX2729401B_1_house,79.849,3.816,2.3608,2.793
SX2804245B_1_house,79.379,3.855,2.4266,2.533
SX2804245B_2_house,78.124,4.192,2.7131,2.421
SX3216338B_1_house,78.866,4.905,2.4518,2.909
SX3216338B_2_house,79.536,4.657,0.8247,2.078
SX2691938B_1_house,78.066,3.102,1.8292,2.884
SX2691938B_2_house,78.844,3.392,0.7179,2.874
SX2673326B_1_house,78.311,4.321,2.7218,2.545
SX3251806B_1_house,79.407,3.194,2.7261,2.985
SX3160108B_1_house,79.202,3.628,0.7212,2.126
SX3160108B_2_house,79.725,3.577,1.9247,2.653
SX2841624B_1_house,78.981,3.691,1.5548,2.611
SX2729409B_1_house,78.026,3.126,2.453,2.83
SX2729409B_2_house,79.352,3.796,1.8203,2.986
SX3029510B_1_house,79.691,3.129,0.6352,2.006
SX2991927B_1_house,78.263,3.243,2.1097,2.675
SX2991927B_2_house,78.645,4.628,2.6283,2.936
SX2954338B_1_house,78.675,3.99,2.7059,2.047
SX2954338B_2_house,79.438,3.79,1.5148,2.794
SX3197634B_1_house,79.094,4.262,2.6495,2.979
SX3197634B_2_house,79.469,4.051,1.7766,2.006
SX2729408B_1_house,78.127,3.957,0.9609,2.802
SX2729408B_2_house,78.607,4.073,0.7552,2.283
SX2991909A_1_house,78.699,3.297,1.8908,2.653
SX2991909A_2_house,78.189,4.283,2.5933,2.606
SX3085398B_1_house,78.564,4.023,2.8278,2.311
SX3085398B_2_house,78.549,3.205,1.9129,2.119
SX2673314C_1_house,78.492,3.374,1.753,2.681
SX3122817C_1_house,79.465,4.852,2.1222,2.522
SX3160102B_1_house,78.42,4.652,0.8609,2.13
SX3160102B_2_house,79.113,4.541,1.5879,2.969
SX2822871B_1_house,79.089,4.64,1.8846,2.761
SX2822871B_2_house,78.332,4.143,2.2515,2.882
SX2876813A_1_house,78.167,3.393,2.9414,2.511
SX2876813A_2_house,78.283,3.556,2.8435,2.994
SX2952013A_1_house,79.752,4.672,1.1386,2.032
SX2916598A_1_house,79.809,3.332,2.92,2.877
SX3048212A_1_house,78.355,4.315,2.8522,2.887
SX2691973A_1_house,79.558,3.322,0.5962,2.964
SX2954357A_1_house,78.182,4.836,1.1415,2.091
SX2954357A_2_house,79.0,4.511,1.6268,2.269
SX2841639A_1_house,79.517,3.823,1.9449,2.248
SX2841639A_2_house,78.513,4.214,1.793,2.382
SX2804262A_1_house,79.752,3.485,2.836,2.286
SX2973165A_1_house,78.632,4.123,0.7257,2.018
SX2973165A_2_house,79.333,3.93,0.5071,2.142
SX2785529C_1_house,78.343,3.324,1.1123,2.929
SX2785529C_2_house,79.695,3.785,1.1214,2.366
SX3197646B_1_house,78.342,3.071,1.046,2.613
SX3197646B_2_house,79.605,4.901,1.9958,2.073
SX3141389A_1_house,79.886,3.627,1.0635,2.698
SX3197618A_1_house,79.972,4.364,2.9066,2.363
SX2691936A_1_house,78.021,3.076,2.7441,2.867
SX3216336A_1_house,78.559,4.832,1.3335,2.069
SX3216336A_2_house,78.482,4.923,2.9959,2.589
SX3216337A_1_house,78.351,3.753,0.5097,2.01
SX2841615A_1_house,78.382,3.622,2.4594,2.302
SX2954348A_1_house,79.06,4.969,1.0757,2.439
SX2954348A_2_house,78.729,4.823,2.0074,2.611
SX3235249A_1_house,79.557,4.995,1.8678,2.808
SX2916599A_1_house,79.475,3.037,1.3539,2.067
SX2916599A_2_house,79.795,4.185,2.993,2.508
SX3122816B_1_house,79.21,3.222,2.6536,2.788
SX3122816B_2_house,78.062,4.788,2.4725,2.822
SX3160103C_1_house,79.618,3.036,1.3192,2.265
SX2935556B_1_house,79.019,4.164,1.1299,2.279
SX2935556B_2_house,79.622,3.267,2.1162,2.987
SX3104124B_1_house,79.169,3.437,2.0883,2.801
SX2970804C_1_house,78.127,4.868,2.5963,2.71
SX2970804C_2_house,79.857,4.979,2.1519,2.577
SX3176661C_1_house,78.927,4.305,2.512,2.729
SX3048937C_1_house,78.597,3.848,0.9736,2.732
SX2804957C_1_house,79.291,3.084,0.7205,2.291
SX2767343C_1_house,78.029,4.532,0.6872,2.35
SX2767343C_2_house,79.377,3.643,2.606,2.594
SX3179608C_1_house,79.49,3.677,0.7811,2.211
SX3179608C_2_house,79.465,3.408,2.8487,2.872
SX3086002C_1_house,78.043,3.966,2.0723,2.724
SX3086002C_2_house,79.732,3.035,0.53,2.499
SX2842330C_1_house,79.704,4.46,2.0636,2.155
SX2842330C_2_house,78.706,4.758,1.4644,2.926
SX3235945C_1_house,79.086,4.051,0.5486,2.892
SX3235945C_2_house,78.055,3.873,0.6693,2.29
SX2955006C_1_house,78.938,4.816,2.9316,2.279
SX2955006C_2_house,79.493,3.439,2.9015,2.584
SX2692600C_1_house,79.006,3.015,1.4713,2.32
SX2692600C_2_house,79.458,4.31,1.9158,2.981
SX3235946A_1_house,79.141,4.194,2.5952,2.523
SX3235946A_2_house,78.064,3.599,2.4423,2.945
SX3011229A_1_house,79.418,3.116,0.538,2.9
SX2767342A_1_house,79.426,3.976,0.9447,2.23
SX2767342A_2_house,78.895,4.166,1.5806,2.788
SX2748780A_1_house,79.877,4.729,0.7814,2.048
SX2748780A_2_house,79.731,3.531,1.8936,2.735
SX2823544A_1_house,79.321,4.859,2.9846,2.192
SX2823544A_2_house,79.66,3.54,2.5378,2.793
SX3195321A_1_house,78.547,3.129,1.9461,2.174
SX2823545A_1_house,78.076,3.557,0.5561,2.45
SX2823545A_2_house,78.271,3.757,1.6188,2.721
SX3101782A_1_house,78.223,3.426,0.9442,2.48
SX3101782A_2_house,78.157,4.507,2.0975,2.75
SX2936214A_1_house,78.498,4.471,0.7243,2.117
SX2936214A_2_house,78.63,3.229,2.5982,2.224
SX3142049C_1_house,79.434,4.856,2.7129,2.74
SX2804956A_1_house,78.242,3.567,2.0652,2.14
SX2804956A_2_house,78.796,4.918,1.8294,2.98
SX2730106C_1_house,78.877,3.756,2.7157,2.885
SX2730106C_2_house,78.486,4.28,2.2737,2.015
SX2936212A_1_house,78.546,3.461,2.8103,2.527
SX2936212A_2_house,79.05,4.067,1.7203,2.115
SX3029495B_1_house,78.842,4.364,2.8694,2.305
SX2804247B_1_house,78.139,3.798,1.8841,2.744
SX2804247B_2_house,78.627,4.195,1.4931,2.061
SX3104115B_1_house,79.683,3.316,0.628,2.996
SX2954339B_1_house,78.497,3.857,2.4185,2.762
SX2954339B_2_house,79.057,4.709,2.924,2.379
SX3048200B_1_house,78.622,4.399,1.5346,2.096
SX3216339B_1_house,78.326,3.008,1.4668,2.714
SX3216339B_2_house,79.294,4.701,2.7954,2.338
SX3048201B_1_house,78.175,4.779,1.4106,2.059
SX3048201B_2_house,79.326,3.967,1.512,2.305
SX3141390B_1_house,78.426,3.449,2.9732,2.273
SX3141390B_2_house,79.542,4.436,1.0905,2.418
SX2710537B_1_house,79.564,3.78,1.5211,2.669
SX2710537B_2_house,78.802,4.482,0.5641,2.212
SX2673300B_1_house,79.406,4.459,0.6627,2.816
SX2673300B_2_house,78.9,3.167,1.6449,2.4
SX3085388B_1_house,79.318,3.034,2.5926,2.665
SX2822859B_1_house,78.683,4.04,1.2524,2.414
SX2822859B_2_house,78.526,4.429,1.8112,2.904
SX2991902B_1_house,78.224,3.896,1.7376,2.627
SX2991902B_2_house,78.394,3.314,0.9014,2.844
SX2991918B_1_house,79.069,4.985,1.6582,2.934
SX2991918B_2_house,78.248,4.656,1.842,2.166
SX2897764B_1_house,78.893,4.837,2.5582,2.723
SX2897764B_2_house,78.176,3.018,1.143,2.466
SX2860488B_1_house,79.376,3.501,1.9529,2.385
SX2860488B_2_house,78.34,4.553,1.5988,2.761
SX2804260B_1_house,78.107,4.263,1.0978,2.251
SX2804260B_2_house,79.091,4.757,2.3512,2.947
SX2973163B_1_house,78.078,4.834,0.8304,2.679
SX3104130B_1_house,79.247,4.931,1.0368,2.36
SX3104130B_2_house,78.961,3.42,1.4061,2.982
SX2879079B_1_house,78.987,4.07,0.8913,2.244
SX2991917B_1_house,78.309,3.216,0.5643,2.656
SX2841636B_1_house,79.599,3.22,0.5892,2.788
SX3085389B_1_house,79.503,3.996,2.6874,2.509
SX3085389B_2_house,79.82,3.223,2.2479,2.478
SX2673319C_1_house,78.928,4.835,1.8158,2.627
SX2841631C_1_house,79.979,3.238,1.9606,2.601
SX2841631C_2_house,78.234,4.693,2.7238,2.65
SX3216350A_1_house,78.543,4.433,1.2541,2.915
SX3216350A_2_house,78.835,4.594,1.1346,2.955
SX3141402C_1_house,78.257,3.371,1.3519,2.179
SX3141402C_2_house,79.971,4.405,1.3618,2.874
SX3197642C_1_house,78.55,4.098,2.6914,2.004
SX2691952A_1_house,78.998,4.446,0.8542,2.86
SX2879081A_1_house,78.17,4.416,2.6153,2.959
SX2785530A_1_house,79.832,3.372,2.4139,2.945
SX2766723A_1_house,78.839,4.48,0.6219,2.177
SX2766723A_2_house,78.334,3.832,0.5086,2.327
SX3122822A_1_house,79.095,4.438,0.7673,2.393
SX3122822A_2_house,79.859,4.893,2.6016,2.086
SX2766747A_1_house,78.85,3.483,2.3302,2.107
SX2766747A_2_house,78.592,3.739,0.5092,2.635
SX2858163A_1_house,79.277,3.109,1.6587,2.287
SX3216346A_1_house,79.007,4.206,1.2476,2.912
SX3029500A_1_house,79.38,4.308,0.6691,2.513
SX3029500A_2_house,79.539,3.007,1.0223,2.087
SX3156034A_1_house,79.886,4.688,2.5074,2.617
SX3066821A_1_house,79.997,3.174,1.2359,2.568
SX3066821A_2_house,78.031,4.918,2.9544,2.147
SX2748140A_1_house,79.783,4.285,2.2034,2.887
SX2748140A_2_house,79.9,3.842,0.8809,2.878
SX3141412A_1_house,78.298,3.982,2.8984,2.143
SX2991915B_1_house,79.041,4.203,2.2564,2.341
SX2991915B_2_house,78.578,4.231,2.3608,2.571
SX2673320B_1_house,79.557,4.486,2.7079,2.245
SX2673320B_2_house,79.62,4.909,1.8613,2.989
SX2841634B_1_house,78.12,4.652,2.9474,2.158
SX2841634B_2_house,78.349,3.562,2.5027,2.393
SX2766720A_1_house,79.977,3.515,2.0844,2.106
SX2766720A_2_house,79.063,3.659,1.7776,2.024
SX3235254C_1_house,79.824,3.492,2.6229,2.887
SX3235254C_2_house,79.087,3.371,2.2002,2.704
SX2935566C_1_house,79.347,3.127,0.7363,2.953
SX2935566C_2_house,78.099,4.834,1.1328,2.701
SX3141393C_1_house,78.262,4.329,0.6927,2.542
SX3141393C_2_house,78.261,4.051,1.0469,2.879
SX3030204A_1_house,79.826,3.289,1.2716,2.862
SX3030204A_2_house,79.579,4.879,0.8951,2.564
SX3160868B_1_house,78.736,4.035,2.533,2.503
SX3160868B_2_house,79.809,3.939,2.2811,2.708
SX2785524C_1_house,79.335,4.185,0.7025,2.381
SX3235268C_1_house,79.673,4.372,1.1144,2.163
SX3235268C_2_house,78.736,4.331,2.3659,2.426
SX3122825A_1_house,79.338,4.901,1.2565,2.758
SX3122825A_2_house,79.431,3.988,0.7829,2.098
SX2991920A_1_house,79.843,4.627,2.3456,2.456
SX2973146B_1_house,78.966,4.457,1.084,2.66
SX2973146B_2_house,79.375,4.808,0.715,2.992
SX2935568B_1_house,78.983,4.217,2.6474,2.414
SX2814529A_1_house,79.082,3.152,2.9924,2.5
SX2814529A_2_house,78.451,4.321,2.598,2.532
SX2814529A_3_house,78.129,4.686,1.3274,2.344
SX2814529B_1_house,79.235,4.471,0.7348,2.253
SX2814529B_2_house,79.548,3.395,2.0978,2.328
SX2814529B_3_house,78.032,3.155,0.5983,2.634
SX2814529C_1_house,78.528,4.545,1.5028,2.013
SX2814529C_2_house,79.715,4.773,0.7685,2.42
SX2814529C_3_house,79.541,4.245,2.0967,2.949
SX3122818C_1_house,79.743,3.662,1.6917,2.88
SX3122818C_2_house,79.864,4.386,1.6613,2.95
SX3048209B_1_house,79.165,4.478,2.2572,2.922
SX3048209B_2_house,78.591,4.833,1.7135,2.863
SX2841628A_1_house,78.919,4.163,1.0061,2.873
SX2841628A_2_house,79.896,4.718,1.2748,2.634
SX2673316A_1_house,79.031,4.289,2.4898,2.892
SX2748143A_1_house,79.047,4.568,2.087,2.768
SX2748143A_2_house,79.428,3.192,2.1851,2.59
SX2860477A_1_house,78.572,4.218,0.9838,2.796
SX3066811B_1_house,78.779,3.497,0.6337,2.7
SX3066811B_2_house,78.377,4.724,2.1586,2.206
SX2954352C_1_house,78.776,3.75,1.0275,2.33
SX2954352C_2_house,78.756,4.953,0.506,2.177
SX3160864B_1_house,79.317,3.861,1.4672,2.234
SX3085401A_1_house,78.1,4.969,2.4939,2.271
SX3085401A_2_house,79.051,4.871,1.0692,2.262
SX2766744B_1_house,78.63,3.386,2.0103,2.921
SX2766744B_2_house,78.73,4.688,1.4952,2.48
SX2804259A_1_house,79.752,4.461,1.765,2.558
SX2804259A_2_house,78.501,3.915,1.6319,2.611
SX2860486C_1_house,78.524,3.988,2.251,2.438
SX2785522B_1_house,79.572,4.869,1.0361,2.178
SX2785522B_2_house,79.4,3.855,1.3823,2.806
SX2897766C_1_house,79.043,3.972,2.048,2.929
SX2897766C_2_house,78.425,4.353,2.6559,2.475
SX3048889C_1_house,78.209,4.464,1.9225,2.833
SX3048889C_2_house,78.751,3.481,2.5862,2.606
SX3048890C_1_house,78.863,4.306,0.8656,2.642
SX3048890C_2_house,79.395,3.517,1.5633,2.073
SX2991921C_1_house,78.117,3.284,0.8739,2.765
SX2991921C_2_house,79.547,3.975,1.4329,2.271
SX3011293A_1_house,79.204,3.636,2.2883,2.547
SX3011293A_2_house,79.848,3.498,1.8348,2.449
SX3011293A_3_house,79.963,4.847,0.8117,2.993
SX3011293B_1_house,78.086,3.316,2.2767,2.072
SX3011293B_2_house,79.348,4.098,1.9482,2.555
SX3011293B_3_house,78.842,4.357,2.5344,2.436
SX3011293C_1_house,79.479,3.506,2.5955,2.788
SX3011293C_2_house,78.666,4.7,1.9208,2.505
SX3011293C_3_house,78.015,4.29,2.0868,2.059
SX3123509C_1_house,79.663,4.687,2.9034,2.033
SX2841620B_1_house,79.802,3.965,0.6325,2.016
SX2991929B_1_house,79.864,3.812,2.8495,2.413
SX2991929B_2_house,78.547,3.43,1.3992,2.98
SX3160793C_1_house,78.775,3.856,1.2605,2.958
SX2691946B_1_house,79.296,4.278,2.8469,2.199
SX2991940C_1_house,78.321,3.835,2.6963,2.338
SX3197636B_1_house,79.07,4.097,0.9896,2.112
SX3197636B_2_house,79.752,3.878,1.8015,2.216
SX2991905A_1_house,78.245,3.353,0.9095,2.643
SX2991905A_2_house,79.302,4.972,2.7718,2.428
SX3141395C_1_house,78.899,3.485,1.4468,2.571
SX3141395C_2_house,78.974,3.927,1.2205,2.332
SX2748135A_1_house,79.533,3.015,0.9241,2.351
SX2748135A_2_house,79.631,4.195,2.8986,2.44
SX2729412A_1_house,78.423,4.395,2.1078,2.715
SX2729412A_2_house,78.067,3.418,1.3748,2.147
SX2839305A_1_house,79.805,3.383,2.0968,2.219
SX3160123A_1_house,78.839,3.48,2.8271,2.725
SX2822861A_1_house,79.863,3.524,0.7322,2.185
SX2822861A_2_house,78.233,4.717,1.633,2.439
SX2841616A_1_house,79.52,4.366,0.9012,2.649
SX2841616A_2_house,79.087,3.118,0.9822,2.698
SX3122812B_1_house,79.058,3.231,2.9534,2.989
SX3122812B_2_house,78.12,3.964,1.9917,2.191
SX2897771B_1_house,79.564,4.046,2.8478,2.751
SX3178973A_1_house,79.253,4.371,2.5957,2.481
SX3178973A_2_house,79.767,4.099,2.5949,2.202
SX3141411C_1_house,78.725,3.474,2.8185,2.297
SX3141411C_2_house,79.854,4.588,1.9789,2.874
SX3141411C_3_house,79.611,3.548,2.8179,2.665
SX3141411C_4_house,78.207,3.008,1.8648,2.586
SX2710518A_1_house,79.594,3.497,2.8485,2.497
SX2710518A_2_house,78.363,3.548,1.7096,2.213
SX3085391B_1_house,78.739,3.04,1.318,2.407
SX3085391B_2_house,79.105,3.321,0.6347,2.123
SX3085391B_3_house,79.607,4.228,1.4208,2.168
SX2955076A_1_house,78.569,3.46,0.8898,2.907
SX2729430B_1_house,78.703,4.813,1.3505,2.627
SX2729430B_2_house,79.646,3.539,2.3302,2.559
SX3142079B_1_house,78.048,3.568,2.7684,2.573
SX2955055B_1_house,78.984,3.406,1.9508,2.197
SX2955055B_2_house,78.824,3.998,0.8543,2.251
SX2879753B_1_house,78.812,3.556,1.5092,2.539
SX2879753B_2_house,79.5,4.977,2.2491,2.985
SX2842390C_1_house,78.144,3.062,2.8627,2.657
SX2710511A_1_house,78.197,4.062,2.8831,2.327
SX2710511A_2_house,79.128,3.687,2.3403,2.659
SX2766719A_1_house,78.708,3.765,1.3826,2.601
SX2766719A_2_house,78.996,3.993,0.7154,2.603
SX3160117B_1_house,78.761,4.955,2.398,2.978
SX3160117B_2_house,78.839,4.579,0.9954,2.117
SX2897790C_1_house,79.251,4.088,0.8495,2.875
SX2897790C_2_house,79.611,4.058,1.9209,2.327
SX3066817A_1_house,79.231,3.812,2.989,2.98
SX3066817A_2_house,79.872,3.024,1.9615,2.2
SX3066817A_3_house,78.787,4.825,1.068,2.251
SX2841641B_1_house,79.031,3.769,2.0518,2.182
SX2674027B_1_house,79.513,3.557,1.1204,2.416
SX2674027B_2_house,78.262,3.244,2.0072,2.994
SX3010557A_1_house,79.619,3.436,2.4951,2.936
SX3235242C_1_house,79.108,3.072,1.1036,2.677
SX3235242C_2_house,78.241,4.814,2.9757,2.77
SX2973150A_1_house,79.203,4.139,2.1824,2.702
SX3066804A_1_house,78.251,3.078,1.5329,2.326
SX3066804A_2_house,78.746,4.862,1.9741,2.984
SX2879067A_1_house,78.006,4.934,0.7639,2.63
SX2879067A_2_house,79.969,4.866,2.342,2.541
SX2710530B_1_house,78.79,3.765,0.9413,2.833
SX2748781A_1_house,78.645,3.625,1.8734,2.487
SX2748781A_2_house,78.554,4.742,1.0028,2.232
SX3197654A_1_house,79.102,4.007,1.5013,2.087
SX3197654A_2_house,78.485,3.487,1.9808,2.454
SX2954361B_1_house,79.712,3.661,1.3651,2.46
SX2954361B_2_house,79.65,3.796,0.7762,2.705
SX2935547B_1_house,78.464,3.44,2.409,2.102
SX3215385A_1_house,78.943,3.543,1.4881,2.776
SX3215385A_2_house,79.07,4.496,1.9305,2.559
SX3215385B_1_house,78.995,3.014,2.0865,2.421
SX3215385B_2_house,78.005,4.697,1.9883,2.27
SX3215385B_3_house,79.999,4.633,0.843,2.048
SX3215385C_1_house,79.027,4.35,1.8343,2.333
SX3215385C_2_house,79.292,4.842,1.3244,2.465
SX2841622A_1_house,78.811,3.069,1.3218,2.578
SX2879062C_1_house,79.934,4.243,1.8898,2.215
SX2917255C_1_house,78.64,4.017,1.361,2.324
SX2917255C_2_house,78.782,4.023,1.2146,2.624
SX3160862C_1_house,78.226,4.634,1.9713,2.198
SX3067447A_1_house,79.044,4.354,0.5945,2.31
SX3067447A_2_house,78.202,3.406,2.4249,2.892
SX3179637C_1_house,79.409,4.751,2.1758,2.347
SX3179637C_2_house,78.512,4.531,0.6158,2.832
SX2822867B_1_house,78.91,4.985,2.742,2.349
SX2766741A_1_house,78.4,4.557,0.9323,2.004
SX2766741A_2_house,79.583,4.218,1.2105,2.502
SX2897807B_1_house,79.529,4.495,1.3471,2.934
SX2823611A_1_house,78.407,4.306,2.51,2.203
SX3141398A_1_house,78.981,3.678,0.5837,2.172
SX3235251C_1_house,78.202,3.905,0.5762,2.656
SX2935551C_1_house,78.778,3.172,0.6104,2.074
SX3235252B_1_house,78.367,4.277,2.0916,2.404
SX3235252B_2_house,78.088,3.566,1.8886,2.718
SX2917328B_1_house,79.815,3.764,0.7427,2.466
SX2917328B_2_house,78.446,4.463,0.5237,2.952
SX2989565A_1_house,78.007,4.938,2.2532,2.92
SX2989565A_2_house,79.191,4.68,1.3951,2.829
SX2692655C_1_house,79.871,4.41,1.0763,2.846
SX2692655C_2_house,79.021,4.412,1.5516,2.265
SX2861219B_1_house,79.827,3.907,1.8155,2.145
SX2861219B_2_house,78.483,4.013,0.5382,2.525
SX2674051A_1_house,79.555,3.388,1.8748,2.61
SX2804249C_1_house,79.126,4.394,1.4597,2.082
SX3030205C_1_house,79.734,3.352,1.3033,2.847
SX3030205C_2_house,79.276,4.567,1.6375,2.847
SX3085395A_1_house,78.619,3.906,2.0154,2.225
SX2767409B_1_house,78.372,3.95,2.9027,2.523
SX2767409B_2_house,78.067,4.891,2.9328,2.633
SX3217064B_1_house,79.656,3.066,1.072,2.153
SX3217064B_2_house,78.538,4.9,2.8214,2.436
SX2729405B_1_house,79.179,4.447,0.6453,2.319
SX2729405B_2_house,78.253,4.519,1.0784,2.126
SX3179699B_1_house,78.173,4.385,0.9577,2.236
SX3179699B_2_house,79.639,3.513,1.8395,2.694
SX2898526C_1_house,79.724,3.652,1.1886,2.925
SX2674052C_1_house,78.592,4.505,1.4087,2.432
SX2851933A_1_house,79.323,4.523,2.6527,2.48
SX2851933A_2_house,79.391,3.043,2.3444,2.089
SX2851933B_1_house,79.383,4.147,0.9451,2.094
SX2851933B_2_house,78.101,3.551,1.6851,2.564
SX2851933C_1_house,79.409,3.817,2.8493,2.581
SX2851933C_2_house,79.797,3.914,1.8712,2.48
SX2860492C_1_house,78.377,3.567,0.9306,2.507
SX3197645A_1_house,79.441,4.88,2.0251,2.542
SX3197645A_2_house,78.992,3.416,1.247,2.303
SX3048211A_1_house,79.417,4.077,0.8487,2.953
SX3048211A_2_house,78.6,3.898,1.8387,2.901
SX2804253A_1_house,79.296,4.476,2.059,2.858
SX3178981B_1_house,79.86,4.221,2.5168,2.622
SX3178981B_2_house,78.919,4.113,2.2232,2.45
SX2785525C_1_house,78.118,4.861,1.829,2.83
SX2785525C_2_house,79.571,4.529,1.5146,2.113
SX2860483B_1_house,78.002,4.421,1.4266,2.055
SX2860483B_2_house,79.097,4.038,0.6496,2.667
SX3141397B_1_house,78.224,4.473,0.6197,2.75
SX3141397B_2_house,79.666,3.226,1.8687,2.218
SX3253995C_1_house,79.022,4.496,1.3969,2.974
SX2710536A_1_house,78.242,3.401,1.1413,2.27
SX2710536A_2_house,78.207,3.624,1.9427,2.97
SX3197638A_1_house,79.103,4.101,1.5908,2.102
SX3197638A_2_house,79.937,3.397,1.8403,2.522
SX2935557A_1_house,78.609,4.126,2.197,2.317
SX2935557A_2_house,79.79,4.656,1.0178,2.83
SX2673311A_1_house,78.779,3.363,2.965,2.858
SX2673311A_2_house,79.108,3.281,1.7795,2.634
SX2729413A_1_house,79.688,4.931,2.1498,2.957
SX3122848C_1_house,78.767,3.835,1.4287,2.319
SX2973169A_1_house,78.21,4.371,1.8819,2.696
SX2822868A_1_house,79.792,4.203,0.9193,2.051
SX2860493A_1_house,78.486,4.893,1.5774,2.862
SX2860493A_2_house,79.95,4.279,1.4566,2.094
SX3178976A_1_house,79.7,3.78,2.5665,2.504
SX2673317A_1_house,78.102,3.368,1.9811,2.431
SX2729428A_1_house,79.62,4.689,1.0436,2.942
SX2973159A_1_house,78.58,3.092,0.5146,2.082
SX3254216A_1_house,78.048,3.807,0.8649,2.602
SX3254216A_2_house,78.253,3.149,2.7063,2.846
SX2973180B_1_house,78.788,4.816,1.5183,2.301
SX2973180B_2_house,78.918,4.611,2.9598,2.509
SX3066816A_1_house,79.361,4.688,2.3453,2.458
SX3216351A_1_house,78.614,4.194,2.4436,2.293
SX3216351A_2_house,78.927,3.341,1.1327,2.039
SX2841635A_1_house,78.17,3.328,1.8365,2.05
SX3254217C_1_house,78.366,3.16,2.1801,2.246
SX3254217C_2_house,79.314,4.718,1.736,2.998
SX2822870C_1_house,78.967,3.832,2.3475,2.406
SX2766725C_1_house,78.761,3.94,1.5855,2.822
SX2879078A_1_house,78.68,4.939,2.8143,2.778
SX3048221A_1_house,79.333,3.013,2.5156,2.756
SX3048221A_2_house,78.817,3.622,2.2916,2.838
SX2879092C_1_house,79.152,4.047,1.0123,2.043
SX2879092C_2_house,78.847,3.018,0.7115,2.821
SX2691954B_1_house,79.409,4.056,1.1117,2.801
SX2691954B_2_house,78.547,4.153,1.0675,2.944
SX3104135A_1_house,79.097,3.042,0.5134,2.057
SX2991943C_1_house,78.819,3.285,0.5159,2.939
SX2991943C_2_house,79.793,3.571,1.2452,2.876
SX3233353A_1_house,79.699,4.724,0.5723,2.665
SX3141403A_1_house,79.144,3.871,1.2256,2.95
SX3141403A_2_house,78.14,4.249,1.6078,2.347
SX2785546A_1_house,78.166,4.272,2.1981,2.689
SX2785546A_2_house,79.304,3.483,0.7041,2.099
SX2879087A_1_house,79.632,4.205,2.4446,2.511
SX2785531A_1_house,78.324,4.524,2.9015,2.053
SX3216358A_1_house,79.402,3.38,2.7777,2.488
SX3216358A_2_house,78.142,3.415,2.6639,2.818
SX2748139B_1_house,78.411,4.976,1.721,2.479
SX2935559A_1_house,78.18,3.757,1.15,2.516
SX2935559A_2_house,78.207,3.231,1.0881,2.23
SX3048231B_1_house,79.699,4.999,1.0961,2.64
SX3048231B_2_house,78.8,3.149,1.8343,2.777
SX3048231B_3_house,79.446,4.092,1.9515,2.106
SX2691959B_1_house,78.39,4.688,1.8965,2.828
SX2691959B_2_house,79.307,3.363,1.1114,2.288
SX2691959B_3_house,78.105,4.525,0.5385,2.613
SX2691959B_4_house,78.1,3.419,0.8067,2.807
SX2691959B_5_house,78.664,4.019,1.8441,2.316
SX2691959B_6_house,79.997,4.829,1.063,2.134
SX2731712B_1_house,78.83,4.401,1.613,2.431
SX2731712B_2_house,78.119,3.377,1.1237,2.058
SX3010580B_1_house,79.883,3.704,1.1243,2.285
SX3216361B_1_house,78.554,3.284,0.5163,2.725
SX3216361B_2_house,79.197,3.297,1.7482,2.392
SX2879089C_1_house,79.622,4.66,2.3254,2.023
SX2879089C_2_house,78.528,4.205,2.6326,2.207
SX3232301C_1_house,78.862,4.631,1.5189,2.73
SX3232301C_2_house,78.087,4.843,1.5939,2.763
SX3232301C_3_house,79.798,4.666,2.5597,2.648
SX3232301C_4_house,78.134,4.424,0.8187,2.624
SX2763811C_1_house,79.718,4.068,2.6351,2.565
SX2763811C_2_house,78.011,4.301,1.4186,2.367
SX2763811C_3_house,78.789,4.194,0.5426,2.024
SX2763811C_4_house,79.226,3.361,1.0178,2.985
SX2970258C_1_house,78.3,4.636,1.7854,2.773
SX2970258C_2_house,78.732,3.2,1.5165,2.146
SX2763812C_1_house,78.269,3.528,2.8673,2.371
SX2763812C_2_house,79.958,4.964,1.2757,2.162
SX2763812C_3_house,78.262,3.965,2.7153,2.127
SX2763812C_4_house,78.938,3.472,1.3823,2.098
SX3101194C_1_house,79.396,4.157,2.2746,2.417
SX3101194C_2_house,79.028,3.702,0.9154,2.314
SX3101194C_3_house,79.761,3.959,1.7553,2.869
SX3101194C_4_house,78.908,4.954,2.5473,2.634
SX2916625B_1_house,78.771,4.045,0.7386,2.474
SX2916625B_2_house,79.809,3.087,1.7523,2.149
SX2955047A_1_house,78.963,3.739,0.6374,2.453
SX2955047A_2_house,79.766,4.83,1.0375,2.752
SX3066830B_1_house,78.988,3.013,2.2331,2.504
SX3066830B_2_house,79.027,4.53,1.9203,2.922
SX2673343B_1_house,79.932,4.961,0.8868,2.448
SX2766748A_1_house,78.871,3.112,2.8004,2.933
SX2897801A_1_house,79.793,3.553,0.9782,2.968
SX2897801A_2_house,79.561,3.642,2.5225,2.331
SX2897805A_1_house,79.58,3.97,1.4593,2.521
SX2897805A_2_house,78.494,4.238,1.2588,2.104
SX3086098A_1_house,78.437,3.027,1.8335,2.23
SX3086098A_2_house,78.366,3.485,1.5545,2.198
SX3086098A_3_house,79.221,3.146,2.8028,2.217
SX3104155C_1_house,78.015,3.438,1.232,2.855
SX3104155C_2_house,79.194,3.606,0.9055,2.594
SX2710543C_1_house,78.803,4.804,2.3159,2.221
SX2710543C_2_house,78.765,4.279,0.5645,2.614
SX2861197C_1_house,79.225,3.89,1.8101,2.026
SX2992657A_1_house,78.366,3.21,0.5881,2.149
SX2992657A_2_house,79.358,4.137,1.8504,2.392
SX3254237A_1_house,79.112,3.828,1.5499,2.614
SX3254237A_2_house,78.666,3.912,1.3144,2.587
SX2710544A_1_house,78.239,3.028,2.2294,2.496
SX2917359A_1_house,78.42,4.639,1.6537,2.893
SX3122847A_1_house,79.384,4.799,2.9444,2.773
SX3029520B_1_house,78.719,4.846,2.4193,2.123
SX3150961C_1_house,79.635,3.035,1.2006,2.633
SX3150961C_2_house,79.413,3.737,2.0805,2.092
SX2684420B_1_house,78.561,4.368,2.7317,2.77
SX2685809A_1_house,78.869,3.752,2.2796,2.398
SX3097861C_1_house,78.97,4.493,2.1786,2.465
SX2798067B_1_house,78.36,3.434,2.3683,2.38
SX2929261A_1_house,78.17,3.886,0.6642,2.721
SX2891575C_1_house,78.774,4.861,1.2662,2.288
SX2685805A_1_house,79.322,4.207,2.266,2.707
SX2685805A_2_house,78.089,3.044,2.0566,2.585
SX3225319B_1_house,79.944,4.242,0.795,2.421
SX3225319B_2_house,78.115,3.931,0.7891,2.055
SX2925506C_1_house,79.705,3.318,2.7394,2.199
SX2925506C_2_house,78.018,4.429,2.4366,2.779
SX2983432A_1_house,78.155,4.073,0.7956,2.32
SX2983432A_2_house,79.65,4.394,2.3716,2.883
SX2948732B_1_house,79.158,3.182,1.9553,2.776
SX2911069B_1_house,78.016,3.684,2.5781,2.31
SX2724120C_1_house,79.596,3.908,2.503,2.306
SX2724120C_2_house,78.222,4.366,1.5145,2.161
SX2858175A_1_house,78.082,3.301,0.5489,2.221
SX3251807A_1_house,78.21,4.166,2.0691,2.279
SX3251807A_2_house,78.798,3.167,2.4972,2.831
SX3231269B_1_house,79.79,4.484,2.3514,2.68
SX3081380A_1_house,78.672,3.632,1.4298,2.006
SX3139103A_1_house,79.982,4.973,1.8166,2.007
SX3139103A_2_house,79.513,4.21,1.5777,2.362
SX2876814A_1_house,78.081,3.062,2.3589,2.552
SX3120503A_1_house,79.052,3.567,1.0586,2.123
SX3120504A_1_house,79.083,4.453,2.4018,2.733
SX2875754C_1_house,79.816,3.662,1.8969,2.345
SX2875754C_2_house,78.134,3.069,1.3376,2.217
SX2875754C_3_house,79.402,3.344,0.5612,2.053
SX3195327A_1_house,78.688,4.587,1.0858,2.715
SX2763407C_1_house,79.559,3.136,1.6876,2.605
SX2763407C_2_house,78.852,3.254,1.6518,2.045
SX2688692B_1_house,79.038,3.027,1.2482,2.703
SX2688693C_1_house,79.4,4.656,1.1345,2.741
SX2913406B_1_house,79.843,4.666,2.9988,2.608
SX2913406B_2_house,78.727,3.318,2.3921,2.264
SX2989571A_1_house,78.25,3.283,2.319,2.87
SX2764411C_1_house,79.675,4.854,0.9822,2.437
SX3119793B_1_house,79.352,3.79,2.8277,2.435
SX3251808A_1_house,79.587,4.184,2.9849,2.172
SX3027133A_1_house,78.917,4.881,2.8986,2.515
SX3027133A_2_house,79.544,3.733,2.7965,2.47
SX2857591A_1_house,78.974,3.663,1.7299,2.497
SX2726983A_1_house,78.573,4.869,2.3547,2.217
SX2726983A_2_house,78.487,3.955,2.4127,2.997
SX3157167A_1_house,79.355,4.528,1.0281,2.5
SX3082993A_1_house,78.21,4.809,0.5726,2.146
SX3082993A_2_house,78.45,3.879,0.6556,2.914
SX3120376A_1_house,79.535,3.091,0.7712,2.896
SX3120376A_2_house,78.304,4.803,2.9739,2.551
SX2989432B_1_house,78.884,4.16,2.6085,2.462
SX2989432B_2_house,78.278,3.83,1.3566,2.076
SX3120484C_1_house,79.006,3.239,0.6471,2.184
SX2820528C_1_house,78.492,3.649,2.3187,2.562
SX2820528C_2_house,78.08,4.444,1.2128,2.961
SX2745799C_1_house,78.986,4.802,2.4752,2.429
SX2745799C_2_house,79.188,4.1,1.5159,2.232
SX3270814A_1_house,79.111,4.291,0.6083,2.157
SX3270814A_2_house,78.344,3.803,2.7146,2.546
SX2801895B_1_house,79.226,3.888,1.0082,2.967
SX2801895B_2_house,79.16,3.197,1.1013,2.335
SX2801896B_1_house,79.381,3.33,1.2667,2.529
SX3214055C_1_house,79.724,3.323,2.3297,2.995
SX3195310A_1_house,78.272,3.285,0.8289,2.547
SX3195310A_2_house,79.453,4.339,0.9504,2.042
SX3008232B_1_house,79.328,3.506,2.0945,2.15
SX2764399B_1_house,79.552,3.884,2.8993,2.965
SX3027116A_1_house,79.639,3.845,0.7974,2.674
SX2689678B_1_house,79.166,3.584,2.3435,2.013
SX2951995C_1_house,78.449,3.892,1.7622,2.369
SX2951995C_2_house,78.53,4.153,0.7821,2.755
SX2951995C_3_house,79.365,4.683,2.8139,2.083
SX2951995C_4_house,78.802,4.254,1.224,2.71
SX3139086B_1_house,78.405,4.656,0.8563,2.55
SX3139086B_2_house,78.038,3.832,2.9541,2.051
SX2933120C_1_house,79.261,3.244,2.0475,2.657
SX2933120C_2_house,79.501,3.75,1.9334,2.625
SX2726973A_1_house,79.403,4.61,2.1811,2.693
SX2726973A_2_house,78.714,4.056,1.4464,2.827
SX2820531B_1_house,79.939,4.755,0.9639,2.516
SX2820531B_2_house,78.44,4.277,2.4009,2.596
SX3157708C_1_house,78.123,4.156,1.161,2.181
SX2858166A_1_house,79.333,4.572,2.9144,2.957
SX2764403A_1_house,79.801,4.36,1.5765,2.1
SX2764403A_2_house,79.195,3.41,2.5382,2.618
SX2895449C_1_house,78.251,4.499,0.855,2.049
SX2895449C_2_house,79.428,4.445,2.684,2.361
SX3176656A_1_house,78.436,4.434,2.4071,2.161
SX3176656A_2_house,78.882,4.702,2.4611,2.22
SX2820533A_1_house,78.036,4.524,0.5336,2.527
SX2820533A_2_house,79.919,3.481,2.244,2.682
SX2876796A_1_house,79.668,4.952,2.2935,2.052
SX2876797A_1_house,79.736,3.776,0.8794,2.182
SX3157710B_1_house,79.138,4.029,0.7239,2.034
SX2726974B_1_house,79.407,4.197,2.2118,2.911
SX2726974B_2_house,79.615,3.567,1.588,2.036
SX2726975B_1_house,78.633,3.476,1.2048,2.717
SX3195315A_1_house,78.955,3.391,1.8173,2.5
SX3195315A_2_house,78.419,4.459,2.7856,2.489
SX3143999A_1_house,78.488,3.339,0.5562,2.91
SX3143999A_2_house,78.09,3.381,1.3443,2.313
SX3125349C_1_house,78.904,3.337,1.7154,2.94
SX3125349C_2_house,79.658,3.133,1.5702,2.564
SX3181545C_1_house,79.39,3.997,0.6983,2.309
SX3082981C_1_house,79.903,4.454,1.0108,2.408
SX2876798B_1_house,78.088,3.888,2.7584,2.19
SX2876798B_2_house,79.173,4.332,2.4269,2.708
SX3008237C_1_house,78.734,3.127,2.8711,2.314
SX3008237C_2_house,79.185,3.385,2.5026,2.677
SX2783231B_1_house,78.968,3.167,1.8243,2.145
SX2783231B_2_house,79.649,4.066,1.763,2.476
SX3176660B_1_house,79.434,3.243,1.8179,2.31
SX3082983B_1_house,79.079,4.246,1.185,2.629
SX3082983B_2_house,79.596,3.656,1.7182,2.042
SX2801902B_1_house,78.315,4.255,0.8639,2.91
SX2801902B_2_house,78.436,4.022,0.7391,2.964
SX3157718A_1_house,78.973,3.971,2.6822,2.42
SX2745806C_1_house,78.227,3.894,0.8786,2.341
SX2745806C_2_house,79.033,4.956,0.8626,2.308
SX3195318B_1_house,78.453,4.542,1.7472,2.711
SX3214071C_1_house,78.178,3.314,2.235,2.516
SX3214071C_2_house,79.563,4.043,1.5146,2.228
SX3214069C_1_house,78.699,4.607,1.7748,2.325
SX3214069C_2_house,78.19,3.559,1.7094,2.542
SX3232902A_1_house,78.407,3.102,1.5826,2.829
SX3232902A_2_house,79.613,3.808,1.9508,2.523
SX3027122A_1_house,79.851,3.423,2.1182,2.37
SX3027122A_2_house,79.769,4.172,1.5162,2.389
SX3082988B_1_house,79.487,4.749,0.6534,2.72
SX3027124C_1_house,79.159,4.332,2.9143,2.896
SX3027124C_2_house,78.839,4.012,0.8573,2.517
SX2801909C_1_house,78.976,4.63,1.1108,2.092
SX2914324A_1_house,78.111,3.879,0.7491,2.462
SX2820556A_1_house,79.019,3.607,1.065,2.17
SX2820556A_2_house,78.185,3.193,0.6261,2.383
SX2933135A_1_house,78.85,4.473,1.2022,2.799
SX2933135A_2_house,79.48,3.365,1.6675,2.517
SX3139366A_1_house,78.74,4.023,0.5966,2.506
SX3139366A_2_house,79.722,3.615,0.582,2.585
SX2708744B_1_house,79.409,4.032,1.5224,2.027
SX2708744B_2_house,78.486,3.419,1.3039,2.598
SX2708744B_3_house,78.163,3.184,1.9827,2.099
SX2708744B_4_house,79.869,4.514,2.4379,2.132
SX2690187B_1_house,79.137,4.558,2.8741,2.583
SX2690187B_2_house,78.516,3.584,1.8616,2.155
SX2690187B_3_house,78.448,3.53,2.4731,2.528
SX2690187B_4_house,79.434,4.273,1.1806,2.93
SX3233412A_1_house,78.147,4.938,1.4562,2.74
SX3233412A_2_house,78.493,3.415,2.6491,2.185
SX3233412A_3_house,78.348,4.845,2.2542,2.97
SX3027670B_1_house,79.861,4.433,2.0532,2.087
SX3027670B_2_house,79.006,4.319,0.7998,2.089
SX3027670B_3_house,79.391,3.96,1.4839,2.476
SX3027670B_4_house,78.496,4.936,2.2957,2.491
SX2821087A_1_house,78.731,4.853,2.6145,2.222
SX2821087A_2_house,78.399,4.437,2.7749,2.701
SX2821087A_3_house,79.842,3.398,1.2631,2.682
SX2821087A_4_house,79.392,3.891,0.9902,2.516
SX2990098A_1_house,79.569,3.22,1.0819,2.093
SX2990098A_2_house,78.466,3.717,2.6549,2.145
SX2990098A_3_house,78.09,3.893,2.9663,2.536
SX3252336B_1_house,79.752,3.345,1.2068,2.68
SX3252336B_2_house,79.941,3.562,2.6236,2.858
SX2802480B_1_house,79.469,3.249,0.7711,2.449
SX2802480B_2_house,78.913,4.989,1.5934,2.522
SX2802480B_3_house,78.689,4.025,2.5861,2.565
SX2802480B_4_house,79.458,4.231,0.6363,2.911
SX3233413B_1_house,79.953,4.02,2.7029,2.498
SX3233413B_2_house,79.704,4.273,2.8118,2.999
SX3233413B_3_house,78.535,4.705,0.8485,2.927
SX3027671A_1_house,79.075,4.417,2.3726,2.102
SX3027671A_2_house,78.754,3.585,1.9685,2.028
SX3102286B_1_house,79.046,4.496,1.2087,2.51
SX3102286B_2_house,79.186,4.077,1.305,2.168
SX3102286B_3_house,78.35,4.058,2.2201,2.521
SX3102286B_4_house,79.585,4.269,0.9707,2.229
SX2802481A_1_house,79.207,4.563,2.9878,2.028
SX2802481A_2_house,79.954,3.476,0.865,2.503
SX2802481A_3_house,78.335,3.826,1.135,2.57
SX2802481A_4_house,79.227,3.253,2.2518,2.089
SX3214549A_1_house,78.201,4.519,2.819,2.921
SX3214549A_2_house,78.13,4.88,0.641,2.536
SX3214549A_3_house,79.524,3.598,2.8322,2.494
SX3139598B_1_house,78.819,3.303,1.4211,2.988
SX3139598B_2_house,79.469,4.673,2.2627,2.793
SX3214112B_1_house,79.202,4.505,0.6725,2.496
SX3251854A_1_house,79.945,3.012,2.4304,2.999
SX3251854A_2_house,79.264,3.445,0.5887,2.679
SX2763072B_1_house,78.995,3.923,1.0072,2.178
SX2763072B_2_house,79.812,5.0,2.2168,2.834
SX3172805A_1_house,78.462,4.243,0.7601,2.417
SX3172805A_2_house,79.411,3.417,2.5585,2.468
SX3226771A_1_house,78.69,3.925,1.9859,2.304
SX3189190A_1_house,79.242,3.935,2.6975,2.311
SX3189190A_2_house,79.233,4.148,2.9451,2.872
SX2896685A_1_house,78.902,4.296,2.6256,2.138
SX2896685B_1_house,79.323,4.692,2.5338,2.167
SX2896685C_1_house,78.453,4.261,2.3422,2.561
SX2937757C_1_house,78.112,3.109,2.578,2.375
SX2937757C_2_house,78.347,4.793,1.3811,2.876
SX2806553C_1_house,79.518,3.287,2.4455,2.568
SX2806553C_2_house,78.747,4.863,2.4576,2.503
SX2862616C_1_house,79.889,3.627,2.4465,2.087
SX2862616C_2_house,79.392,3.206,1.6394,2.532
SX2862616C_3_house,78.053,4.842,2.855,2.689
SX2862616C_4_house,78.982,4.489,2.5825,2.469
SX2746587C_1_house,79.07,3.354,2.5813,2.503
SX2746587C_2_house,78.743,3.382,0.8137,2.833
SX2727795C_1_house,79.207,3.499,2.9259,2.535
SX3177665A_1_house,79.959,4.725,2.288,2.587
SX3177665A_2_house,78.069,3.079,2.9132,2.875
SX3046854B_1_house,78.473,3.441,0.8313,2.636
SX3046854B_2_house,78.479,3.096,2.9296,2.741
SX3102793B_1_house,79.942,3.02,1.8711,2.554
SX3102793B_2_house,78.159,3.61,1.2047,2.469
SX2803199A_1_house,78.249,4.539,1.1621,2.427
SX2803199A_2_house,79.44,4.512,1.639,2.278
SX2803199A_3_house,79.383,3.951,1.5562,2.012
SX2803199B_1_house,79.632,4.876,0.9608,2.798
SX2803199B_2_house,79.284,4.116,2.5825,2.363
SX2803199B_3_house,78.938,3.63,0.8996,2.209
SX2803199C_1_house,78.999,4.295,0.9391,2.123
SX2803199C_2_house,78.482,3.038,1.8397,2.712
SX2803199C_3_house,78.879,3.035,2.8822,2.055
SX3215203A_1_house,79.065,3.088,1.8771,2.622
SX3215203A_2_house,78.581,3.956,2.6911,2.333
SX3215203A_3_house,79.149,4.571,2.6887,2.207
SX3215203B_1_house,79.1,3.035,1.6686,2.32
SX3215203B_2_house,78.408,3.439,1.7421,2.091
SX3215203B_3_house,78.842,4.115,2.9544,2.1
SX3215203C_1_house,78.849,4.124,2.4679,2.19
SX3215203C_2_house,79.854,3.336,0.5025,2.904
SX3215203C_3_house,79.174,3.913,1.8335,2.878
SX3065665A_1_house,79.799,3.084,1.425,2.202
SX3065665A_2_house,79.962,3.822,2.4438,2.331
SX3177881C_1_house,78.648,4.186,2.8639,2.041
SX3177881C_2_house,78.591,3.872,1.5408,2.794
SX3047058A_1_house,78.976,3.316,1.9471,2.77
SX3047058A_2_house,78.256,3.409,2.5242,2.081
SX3177894A_1_house,79.367,4.41,2.0965,2.566
SX3177894A_2_house,78.862,3.411,2.8125,2.204
SX3140238A_1_house,79.889,4.398,0.9517,2.748
SX3140238A_2_house,79.196,3.332,2.1946,2.339
SX2821770A_1_house,79.498,4.565,2.0411,2.295
SX2821770A_2_house,78.789,3.016,2.6823,2.879
SX2915534A_1_house,79.51,4.237,2.1892,2.728
SX2915534A_2_house,78.868,4.553,2.3268,2.673
SX2690868C_1_house,79.273,3.866,0.8214,2.436
SX2690868C_2_house,78.949,4.452,1.741,2.937
SX2690868C_3_house,78.407,4.011,1.9627,2.104
SX2803194C_1_house,79.215,4.671,1.2807,2.903
SX2803194C_2_house,79.993,4.918,2.5244,2.153
SX3047073C_1_house,79.183,4.01,2.6893,2.058
SX3047073C_2_house,78.246,3.934,2.5227,2.82
SX3065696A_1_house,79.897,3.851,2.4234,2.352
SX3065696A_2_house,78.745,3.516,0.9858,2.288
SX2915542A_1_house,78.586,3.496,2.0763,2.036
SX2915542A_2_house,78.271,3.039,0.8588,2.379
SX2915542A_3_house,78.277,3.516,1.2023,2.143
SX2915542B_1_house,79.904,3.44,1.7181,2.783
SX2915542B_2_house,79.512,4.528,1.6431,2.288
SX2915542B_3_house,78.456,3.549,2.3687,2.478
SX2915542C_1_house,79.299,4.426,0.5583,2.98
SX2915542C_2_house,78.363,4.82,0.6577,2.34
SX2915542C_3_house,79.857,4.233,1.4035,2.28
SX3234149A_1_house,78.932,4.412,2.7297,2.687
SX3234149A_2_house,78.899,4.968,1.1278,2.799
SX3234149A_3_house,79.515,3.71,1.6502,2.635
SX3234149A_4_house,78.568,3.209,1.133,2.546
SX3234149A_5_house,78.66,4.391,2.0759,2.721
SX3234149A_6_house,78.812,3.922,0.7858,2.908
SX3234149A_7_house,78.017,4.02,2.2205,2.577
SX3234149A_8_house,78.948,4.189,1.8566,2.634
SX3234149A_9_house,79.01,4.211,2.0751,2.23
SX3234149A_10_house,78.896,4.425,2.7302,2.022
SX3234149A_11_house,78.06,3.075,0.7577,2.806
SX3234149A_12_house,78.196,4.469,1.6525,2.942
SX3234149B_1_house,78.745,3.894,1.2788,2.203
SX3234149B_2_house,79.905,3.237,2.1233,2.12
SX3234149B_3_house,79.273,3.851,1.7605,2.807
SX3234149B_4_house,78.482,3.946,2.8828,2.699
SX3234149B_5_house,78.69,4.859,2.6404,2.13
SX3234149B_6_house,79.972,4.227,2.4598,2.636
SX3234149B_7_house,78.335,3.389,1.6444,2.635
SX3234149B_8_house,79.001,4.21,0.7176,2.289
SX3234149B_9_house,78.282,4.276,2.9756,2.86
SX3234149B_10_house,78.924,3.975,1.9951,2.318
SX3234149B_11_house,78.818,3.713,0.9473,2.89
SX3234149B_12_house,78.401,3.731,1.9235,2.27
SX3234149B_13_house,79.134,4.714,2.423,2.281
SX3234149C_1_house,79.406,3.166,1.7712,2.348
SX3234149C_2_house,79.97,3.678,1.1032,2.355
SX3234149C_3_house,79.156,4.013,0.6933,2.581
SX3234149C_4_house,79.483,4.702,1.0079,2.701
SX3234149C_5_house,78.229,4.884,2.5628,2.871
SX3234149C_6_house,79.902,4.198,2.3187,2.23
SX3234149C_7_house,78.112,4.051,2.301,2.535
SX3234149C_8_house,79.581,3.071,1.3857,2.462
SX3234149C_9_house,79.196,3.668,2.5659,2.902
SX3234149C_10_house,78.117,3.372,2.7433,2.079
SX3234149C_11_house,78.788,4.884,2.5541,2.374
SX3234149C_12_house,78.871,3.682,1.7731,2.138
SX3234149C_13_house,78.904,3.75,1.7103,2.579
SX3234149C_14_house,78.71,4.487,1.0385,2.803
SX2859391B_1_house,78.156,4.753,2.8247,2.15
SX2859391B_2_house,79.287,3.502,1.8806,2.89
SX2859403A_1_house,79.625,3.259,2.8296,2.041
SX2859403A_2_house,78.117,3.27,2.1669,2.663
SX3215340A_1_house,79.546,4.49,2.9033,2.187
SX3215340A_2_house,78.235,3.681,2.9874,2.48
SX3047289A_1_house,79.167,4.2,1.3878,2.276
SX3047289A_2_house,78.757,4.628,0.8743,2.976
SX3047289A_3_house,78.712,3.929,2.9113,2.148
SX3047289B_1_house,79.462,3.339,2.3249,2.729
SX3047289B_2_house,79.623,4.145,2.4204,2.738
SX3047289B_3_house,79.818,4.333,1.1316,2.389
SX3047289C_1_house,79.216,3.699,0.5103,2.757
SX3047289C_2_house,78.423,3.144,2.1281,2.372
SX3047289C_3_house,79.71,4.012,1.92,2.042
SX3215549B_1_house,79.631,4.905,2.2809,2.156
SX3215549B_2_house,78.744,3.535,1.2116,2.783
SX3253570C_1_house,78.683,3.553,2.9437,2.617
SX3253570C_2_house,78.31,4.526,0.7116,2.976
SX2972704C_1_house,78.872,3.563,1.3784,2.987
SX3159645A_1_house,78.22,4.261,1.591,2.242
SX3159645A_2_house,78.955,4.71,1.2569,2.998
SX3091052A_1_house,78.927,3.493,2.9581,2.698
SX3091052A_2_house,79.183,4.351,0.5957,2.653
SX2916234A_1_house,79.979,3.441,1.0089,2.255
SX3029183B_1_house,78.47,3.525,2.6724,2.361
SX3108449A_1_house,78.632,4.342,1.5964,2.851
SX3103822C_1_house,79.662,3.763,1.2278,2.825
SX3103822C_2_house,78.411,4.138,0.684,2.101
SX2991640C_1_house,79.559,3.121,1.3757,2.642
SX2729206C_1_house,79.777,3.239,1.415,2.862
SX2729206C_2_house,78.474,4.797,1.5219,2.216
SX2897554C_1_house,78.269,3.67,0.9475,2.103
SX2897554C_2_house,78.758,4.16,1.4739,2.919
SX2897554C_3_house,79.285,3.172,1.9892,2.718
SX2729207C_1_house,78.681,4.962,2.599,2.383
SX2729207C_2_house,79.4,4.543,0.5139,2.585
SX2729207C_3_house,78.933,4.496,2.6668,2.847
SX2766499C_1_house,78.457,3.955,2.3946,2.418
SX2766499C_2_house,79.355,3.036,1.2268,2.953
SX2766499C_3_house,79.657,4.607,2.8182,2.025
SX2878848C_1_house,79.306,3.38,1.9399,2.938
SX2878848C_2_house,78.335,3.442,2.6199,2.543
SX3263051C_1_house,78.492,3.187,2.8725,2.249
SX3263051C_2_house,79.877,3.907,2.7169,2.748
SX3312692A_1_house,79.894,3.919,2.7918,2.195
SX3312692A_2_house,78.931,3.575,2.5756,2.043
SX3315860B_1_house,78.873,3.866,2.0914,2.496
SX3342743C_1_house,79.71,4.601,2.9797,2.447
SX3448661B_1_house,79.657,4.208,2.1941,2.174
SX3552667C_1_house,78.542,3.349,0.9257,2.178
SX3552667C_2_house,79.059,4.646,2.6697,2.43
SX3626914C_1_house,79.488,4.989,1.6982,2.745
SX3632979A_1_house,79.832,3.709,2.7403,2.038
SX3645809C_1_house,78.71,4.39,1.6769,2.913
SX3645809C_2_house,79.073,4.8,2.5953,2.791
SX3645809C_3_house,78.607,3.343,2.5742,2.413
SX3645810C_1_house,78.87,3.169,0.8475,2.992
SX3645810C_2_house,79.969,4.379,2.6417,2.582
SX3645810C_3_house,78.666,4.676,2.4388,2.033
SX3645810C_4_house,78.122,4.777,2.8383,2.062
SX3645811C_1_house,79.054,3.085,2.0347,2.77
SX3645811C_2_house,79.59,3.194,0.7459,2.723
SX3645811C_3_house,78.153,3.801,2.0389,2.292
SX3645811C_4_house,78.894,3.802,2.4671,2.421
SX3645812C_1_house,79.114,3.658,1.5236,2.403
SX3645812C_2_house,78.339,3.424,1.0213,2.958
SX3649297A_1_house,79.614,3.81,2.7849,2.089
SX3649297A_2_house,79.326,3.281,2.3119,2.308
SX3649298A_1_house,79.339,3.831,1.9368,2.928
SX3649298A_2_house,79.474,4.38,1.7093,2.975
SX3649299A_1_house,79.947,4.014,0.8085,2.998
SX3649299A_2_house,78.938,3.174,1.1752,2.232
SX3649300A_1_house,78.839,4.715,2.2366,2.218
SX3649300A_2_house,78.459,3.387,2.3886,2.822
SX3649301A_1_house,78.363,3.72,2.6078,2.848
SX3649301A_2_house,79.396,3.416,1.156,2.117
SX3649302A_1_house,78.615,3.964,2.5377,2.198
SX3649302A_2_house,79.338,4.371,1.3677,2.061
SX3649304A_1_house,79.692,3.206,0.8175,2.713
SX3649304A_2_house,78.181,3.072,1.8888,2.07
SX3649305A_1_house,79.248,4.55,2.1003,2.435
SX3649306A_1_house,78.074,4.098,1.4443,2.157
SX3649306A_2_house,78.671,3.821,2.9962,2.022
SX3729297A_1_house,78.041,3.982,1.3884,2.186
SX3729297A_2_house,79.593,3.656,2.4522,2.628
SX3729298A_1_house,78.85,3.405,1.222,2.674
SX3729298A_2_house,79.622,3.674,1.7444,2.671
SX3727707A_1_house,78.422,4.129,1.139,2.596
SX3727707A_2_house,79.873,4.41,1.9989,2.426
SX3727708A_1_house,78.849,3.095,0.6686,2.199
SX3727709A_1_house,79.886,3.804,2.5791,2.886
SX3727709A_2_house,78.574,4.68,1.6324,2.984
SX3727710A_1_house,79.655,4.381,1.4675,2.184
SX3727710A_2_house,79.56,4.888,1.0278,2.91
SX3727711A_1_house,79.646,4.129,1.4083,2.896
SX3727712A_1_house,78.523,3.522,2.2501,2.034
SX3727712A_2_house,78.885,3.221,2.5981,2.589
SX3728037A_1_house,78.043,3.41,2.1837,2.876
SX3728037A_2_house,78.565,4.341,1.6331,2.728
SX3728038A_1_house,79.879,3.567,2.2939,2.408
SX3728038A_2_house,78.535,4.844,2.7691,2.098
SX3728039A_1_house,79.771,4.43,1.3294,2.199
SX3728039A_2_house,78.186,3.6,2.532,2.664
SX3728040A_1_house,78.658,4.037,1.3216,2.046
SX3728040A_2_house,79.107,3.577,2.9931,2.561
SX3728041A_1_house,79.104,3.314,1.7356,2.771
SX3728041A_2_house,79.495,3.712,2.2221,2.518
SX3728042A_1_house,78.228,3.377,2.2461,2.435
SX3728042A_2_house,78.182,3.571,2.2662,2.068
SX3728043A_1_house,78.749,4.203,2.8017,2.972
SX3728043A_2_house,79.154,4.819,1.3007,2.19
SX3778577C_1_house,78.471,4.02,0.7883,2.062
SX3778577C_2_house,78.08,4.94,1.7376,2.194
SX3784018A_1_house,79.693,3.252,1.5539,2.014
