<?xml version="1.0" encoding="UTF-8" standalone="yes"?>
<objectModel
    xsi:schemaLocation="http://standards.ieee.org/IEEE1516-2010
      http://standards.ieee.org/downloads/1516/1516.2-2010/IEEE1516-DIF-2010.xsd"
    xmlns="http://standards.ieee.org/IEEE1516-2010" 
    xmlns:xsi="http://www.w3.org/2001/XMLSchema-instance">
    <modelIdentification>
        <name>Loads</name>
        <type>SOM</type>
        <version>0.1.0</version>
        <modificationDate>2018-10-07</modificationDate>
        <securityClassification>Unclassified</securityClassification>
        <description>
            This file was generated from WebGME based on the federate
            Loads in the TEChallenge
            project.
        </description>
        <poc>
            <pocType>Primary author</pocType>
            <pocOrg>org.webgme.guest</pocOrg>
        </poc>
    </modelIdentification>
    <objects>
        <objectClass>
            <name>ObjectRoot</name>
            <sharing>Neither</sharing>
            <objectClass>
                <name>GridVoltageState</name>
                <sharing>Subscribe</sharing>
                <attribute>
                    <name>grid_Voltage_Imaginary_A</name>
                    <dataType>float</dataType>
                    <updateType>NA</updateType>
                    <ownership>NoTransfer</ownership>
                    <sharing>Subscribe</sharing>
                    <transportation>HLAreliable</transportation>
                    <order>TimeStamp</order>
                </attribute>
                <attribute>
                    <name>grid_Voltage_Imaginary_B</name>
                    <dataType>float</dataType>
                    <updateType>NA</updateType>
                    <ownership>NoTransfer</ownership>
                    <sharing>Subscribe</sharing>
                    <transportation>HLAreliable</transportation>
                    <order>TimeStamp</order>
                </attribute>
                <attribute>
                    <name>grid_Voltage_Imaginary_C</name>
                    <dataType>float</dataType>
                    <updateType>NA</updateType>
                    <ownership>NoTransfer</ownership>
                    <sharing>Subscribe</sharing>
                    <transportation>HLAreliable</transportation>
                    <order>TimeStamp</order>
                </attribute>
                <attribute>
                    <name>grid_Voltage_Real_A</name>
                    <dataType>float</dataType>
                    <updateType>NA</updateType>
                    <ownership>NoTransfer</ownership>
                    <sharing>Subscribe</sharing>
                    <transportation>HLAreliable</transportation>
                    <order>TimeStamp</order>
                </attribute>
                <attribute>
                    <name>grid_Voltage_Real_B</name>
                    <dataType>float</dataType>
                    <updateType>NA</updateType>
                    <ownership>NoTransfer</ownership>
                    <sharing>Subscribe</sharing>
                    <transportation>HLAreliable</transportation>
                    <order>TimeStamp</order>
                </attribute>
                <attribute>
                    <name>grid_Voltage_Real_C</name>
                    <dataType>float</dataType>
                    <updateType>NA</updateType>
                    <ownership>NoTransfer</ownership>
                    <sharing>Subscribe</sharing>
                    <transportation>HLAreliable</transportation>
                    <order>TimeStamp</order>
                </attribute>
            </objectClass>
            <objectClass>
                <name>ResourceControl</name>
                <sharing>Subscribe</sharing>
                <attribute>
                    <name>Resources</name>
                    <dataType>String</dataType>
                    <updateType>NA</updateType>
                    <ownership>NoTransfer</ownership>
                    <sharing>Subscribe</sharing>
                    <transportation>HLAreliable</transportation>
                    <order>TimeStamp</order>
                </attribute>
                <attribute>
                    <name>activePowerCurve</name>
                    <dataType>int</dataType>
                    <updateType>NA</updateType>
                    <ownership>NoTransfer</ownership>
                    <sharing>Subscribe</sharing>
                    <transportation>HLAreliable</transportation>
                    <order>TimeStamp</order>
                </attribute>
                <attribute>
                    <name>actualDemand</name>
                    <dataType>float</dataType>
                    <updateType>NA</updateType>
                    <ownership>NoTransfer</ownership>
                    <sharing>Subscribe</sharing>
                    <transportation>HLAreliable</transportation>
                    <order>TimeStamp</order>
                </attribute>
                <attribute>
                    <name>adjustedFullDRPower</name>
                    <dataType>float</dataType>
                    <updateType>NA</updateType>
                    <ownership>NoTransfer</ownership>
                    <sharing>Subscribe</sharing>
                    <transportation>HLAreliable</transportation>
                    <order>TimeStamp</order>
                </attribute>
                <attribute>
                    <name>adjustedNoDRPower</name>
                    <dataType>float</dataType>
                    <updateType>NA</updateType>
                    <ownership>NoTransfer</ownership>
                    <sharing>Subscribe</sharing>
                    <transportation>HLAreliable</transportation>
                    <order>TimeStamp</order>
                </attribute>
                <attribute>
                    <name>downBeginRamp</name>
                    <dataType>float</dataType>
                    <updateType>NA</updateType>
                    <ownership>NoTransfer</ownership>
                    <sharing>Subscribe</sharing>
                    <transportation>HLAreliable</transportation>
                    <order>TimeStamp</order>
                </attribute>
                <attribute>
                    <name>downDuration</name>
                    <dataType>int</dataType>
                    <updateType>NA</updateType>
                    <ownership>NoTransfer</ownership>
                    <sharing>Subscribe</sharing>
                    <transportation>HLAreliable</transportation>
                    <order>TimeStamp</order>
                </attribute>
                <attribute>
                    <name>downRampToCompletion</name>
                    <dataType>boolean</dataType>
                    <updateType>NA</updateType>
                    <ownership>NoTransfer</ownership>
                    <sharing>Subscribe</sharing>
                    <transportation>HLAreliable</transportation>
                    <order>TimeStamp</order>
                </attribute>
                <attribute>
                    <name>downRate</name>
                    <dataType>float</dataType>
                    <updateType>NA</updateType>
                    <ownership>NoTransfer</ownership>
                    <sharing>Subscribe</sharing>
                    <transportation>HLAreliable</transportation>
                    <order>TimeStamp</order>
                </attribute>
                <attribute>
                    <name>loadStatusType</name>
                    <dataType>String</dataType>
                    <updateType>NA</updateType>
                    <ownership>NoTransfer</ownership>
                    <sharing>Subscribe</sharing>
                    <transportation>HLAreliable</transportation>
                    <order>TimeStamp</order>
                </attribute>
                <attribute>
                    <name>locked</name>
                    <dataType>boolean</dataType>
                    <updateType>NA</updateType>
                    <ownership>NoTransfer</ownership>
                    <sharing>Subscribe</sharing>
                    <transportation>HLAreliable</transportation>
                    <order>TimeStamp</order>
                </attribute>
                <attribute>
                    <name>maximumReactivePower</name>
                    <dataType>float</dataType>
                    <updateType>NA</updateType>
                    <ownership>NoTransfer</ownership>
                    <sharing>Subscribe</sharing>
                    <transportation>HLAreliable</transportation>
                    <order>TimeStamp</order>
                </attribute>
                <attribute>
                    <name>maximumRealPower</name>
                    <dataType>float</dataType>
                    <updateType>NA</updateType>
                    <ownership>NoTransfer</ownership>
                    <sharing>Subscribe</sharing>
                    <transportation>HLAreliable</transportation>
                    <order>TimeStamp</order>
                </attribute>
                <attribute>
                    <name>reactiveDesiredFractionOfFullRatedOutputBegin</name>
                    <dataType>float</dataType>
                    <updateType>NA</updateType>
                    <ownership>NoTransfer</ownership>
                    <sharing>Subscribe</sharing>
                    <transportation>HLAreliable</transportation>
                    <order>TimeStamp</order>
                </attribute>
                <attribute>
                    <name>reactiveDesiredFractionOfFullRatedOutputEnd</name>
                    <dataType>float</dataType>
                    <updateType>NA</updateType>
                    <ownership>NoTransfer</ownership>
                    <sharing>Subscribe</sharing>
                    <transportation>HLAreliable</transportation>
                    <order>TimeStamp</order>
                </attribute>
                <attribute>
                    <name>reactiveRequiredFractionOfFullRatedInputPowerDrawnBegin</name>
                    <dataType>float</dataType>
                    <updateType>NA</updateType>
                    <ownership>NoTransfer</ownership>
                    <sharing>Subscribe</sharing>
                    <transportation>HLAreliable</transportation>
                    <order>TimeStamp</order>
                </attribute>
                <attribute>
                    <name>reactiveRequiredFractionOfFullRatedInputPowerDrawnEnd</name>
                    <dataType>float</dataType>
                    <updateType>NA</updateType>
                    <ownership>NoTransfer</ownership>
                    <sharing>Subscribe</sharing>
                    <transportation>HLAreliable</transportation>
                    <order>TimeStamp</order>
                </attribute>
                <attribute>
                    <name>realDesiredFractionOfFullRatedOutputBegin</name>
                    <dataType>float</dataType>
                    <updateType>NA</updateType>
                    <ownership>NoTransfer</ownership>
                    <sharing>Subscribe</sharing>
                    <transportation>HLAreliable</transportation>
                    <order>TimeStamp</order>
                </attribute>
                <attribute>
                    <name>realDesiredFractionOfFullRatedOutputEnd</name>
                    <dataType>float</dataType>
                    <updateType>NA</updateType>
                    <ownership>NoTransfer</ownership>
                    <sharing>Subscribe</sharing>
                    <transportation>HLAreliable</transportation>
                    <order>TimeStamp</order>
                </attribute>
                <attribute>
                    <name>realRequiredFractionOfFullRatedInputPowerDrawnBegin</name>
                    <dataType>float</dataType>
                    <updateType>NA</updateType>
                    <ownership>NoTransfer</ownership>
                    <sharing>Subscribe</sharing>
                    <transportation>HLAreliable</transportation>
                    <order>TimeStamp</order>
                </attribute>
                <attribute>
                    <name>realRequiredFractionOfFullRatedInputPowerDrawnEnd</name>
                    <dataType>float</dataType>
                    <updateType>NA</updateType>
                    <ownership>NoTransfer</ownership>
                    <sharing>Subscribe</sharing>
                    <transportation>HLAreliable</transportation>
                    <order>TimeStamp</order>
                </attribute>
                <attribute>
                    <name>upBeginRamp</name>
                    <dataType>float</dataType>
                    <updateType>NA</updateType>
                    <ownership>NoTransfer</ownership>
                    <sharing>Subscribe</sharing>
                    <transportation>HLAreliable</transportation>
                    <order>TimeStamp</order>
                </attribute>
                <attribute>
                    <name>upDuration</name>
                    <dataType>int</dataType>
                    <updateType>NA</updateType>
                    <ownership>NoTransfer</ownership>
                    <sharing>Subscribe</sharing>
                    <transportation>HLAreliable</transportation>
                    <order>TimeStamp</order>
                </attribute>
                <attribute>
                    <name>upRampToCompletion</name>
                    <dataType>boolean</dataType>
                    <updateType>NA</updateType>
                    <ownership>NoTransfer</ownership>
                    <sharing>Subscribe</sharing>
                    <transportation>HLAreliable</transportation>
                    <order>TimeStamp</order>
                </attribute>
                <attribute>
                    <name>upRate</name>
                    <dataType>float</dataType>
                    <updateType>NA</updateType>
                    <ownership>NoTransfer</ownership>
                    <sharing>Subscribe</sharing>
                    <transportation>HLAreliable</transportation>
                    <order>TimeStamp</order>
                </attribute>
            </objectClass>
            <objectClass>
                <name>ResourcesPhysicalStatus</name>
                <sharing>Publish</sharing>
                <attribute>
                    <name>current_Imaginary_A</name>
                    <dataType>float</dataType>
                    <updateType>NA</updateType>
                    <ownership>NoTransfer</ownership>
                    <sharing>Publish</sharing>
                    <transportation>HLAreliable</transportation>
                    <order>TimeStamp</order>
                </attribute>
                <attribute>
                    <name>current_Imaginary_B</name>
                    <dataType>float</dataType>
                    <updateType>NA</updateType>
                    <ownership>NoTransfer</ownership>
                    <sharing>Publish</sharing>
                    <transportation>HLAreliable</transportation>
                    <order>TimeStamp</order>
                </attribute>
                <attribute>
                    <name>current_Imaginary_C</name>
                    <dataType>float</dataType>
                    <updateType>NA</updateType>
                    <ownership>NoTransfer</ownership>
                    <sharing>Publish</sharing>
                    <transportation>HLAreliable</transportation>
                    <order>TimeStamp</order>
                </attribute>
                <attribute>
                    <name>current_Real_A</name>
                    <dataType>float</dataType>
                    <updateType>NA</updateType>
                    <ownership>NoTransfer</ownership>
                    <sharing>Publish</sharing>
                    <transportation>HLAreliable</transportation>
                    <order>TimeStamp</order>
                </attribute>
                <attribute>
                    <name>current_Real_B</name>
                    <dataType>float</dataType>
                    <updateType>NA</updateType>
                    <ownership>NoTransfer</ownership>
                    <sharing>Publish</sharing>
                    <transportation>HLAreliable</transportation>
                    <order>TimeStamp</order>
                </attribute>
                <attribute>
                    <name>current_Real_C</name>
                    <dataType>float</dataType>
                    <updateType>NA</updateType>
                    <ownership>NoTransfer</ownership>
                    <sharing>Publish</sharing>
                    <transportation>HLAreliable</transportation>
                    <order>TimeStamp</order>
                </attribute>
                <attribute>
                    <name>gridNodeId</name>
                    <dataType>String</dataType>
                    <updateType>NA</updateType>
                    <ownership>NoTransfer</ownership>
                    <sharing>Publish</sharing>
                    <transportation>HLAreliable</transportation>
                    <order>TimeStamp</order>
                </attribute>
                <attribute>
                    <name>impedance_Imaginary_A</name>
                    <dataType>float</dataType>
                    <updateType>NA</updateType>
                    <ownership>NoTransfer</ownership>
                    <sharing>Publish</sharing>
                    <transportation>HLAreliable</transportation>
                    <order>TimeStamp</order>
                </attribute>
                <attribute>
                    <name>impedance_Imaginary_B</name>
                    <dataType>float</dataType>
                    <updateType>NA</updateType>
                    <ownership>NoTransfer</ownership>
                    <sharing>Publish</sharing>
                    <transportation>HLAreliable</transportation>
                    <order>TimeStamp</order>
                </attribute>
                <attribute>
                    <name>impedance_Imaginary_C</name>
                    <dataType>float</dataType>
                    <updateType>NA</updateType>
                    <ownership>NoTransfer</ownership>
                    <sharing>Publish</sharing>
                    <transportation>HLAreliable</transportation>
                    <order>TimeStamp</order>
                </attribute>
                <attribute>
                    <name>impedance_Real_A</name>
                    <dataType>float</dataType>
                    <updateType>NA</updateType>
                    <ownership>NoTransfer</ownership>
                    <sharing>Publish</sharing>
                    <transportation>HLAreliable</transportation>
                    <order>TimeStamp</order>
                </attribute>
                <attribute>
                    <name>impedance_Real_B</name>
                    <dataType>float</dataType>
                    <updateType>NA</updateType>
                    <ownership>NoTransfer</ownership>
                    <sharing>Publish</sharing>
                    <transportation>HLAreliable</transportation>
                    <order>TimeStamp</order>
                </attribute>
                <attribute>
                    <name>impedance_Real_C</name>
                    <dataType>float</dataType>
                    <updateType>NA</updateType>
                    <ownership>NoTransfer</ownership>
                    <sharing>Publish</sharing>
                    <transportation>HLAreliable</transportation>
                    <order>TimeStamp</order>
                </attribute>
                <attribute>
                    <name>loadInstanceName</name>
                    <dataType>String</dataType>
                    <updateType>NA</updateType>
                    <ownership>NoTransfer</ownership>
                    <sharing>Publish</sharing>
                    <transportation>HLAreliable</transportation>
                    <order>TimeStamp</order>
                </attribute>
                <attribute>
                    <name>name</name>
                    <dataType>String</dataType>
                    <updateType>NA</updateType>
                    <ownership>NoTransfer</ownership>
                    <sharing>Publish</sharing>
                    <transportation>HLAreliable</transportation>
                    <order>TimeStamp</order>
                </attribute>
                <attribute>
                    <name>phases</name>
                    <dataType>String</dataType>
                    <updateType>NA</updateType>
                    <ownership>NoTransfer</ownership>
                    <sharing>Publish</sharing>
                    <transportation>HLAreliable</transportation>
                    <order>TimeStamp</order>
                </attribute>
                <attribute>
                    <name>power_Imaginary_A</name>
                    <dataType>float</dataType>
                    <updateType>NA</updateType>
                    <ownership>NoTransfer</ownership>
                    <sharing>Publish</sharing>
                    <transportation>HLAreliable</transportation>
                    <order>TimeStamp</order>
                </attribute>
                <attribute>
                    <name>power_Imaginary_B</name>
                    <dataType>float</dataType>
                    <updateType>NA</updateType>
                    <ownership>NoTransfer</ownership>
                    <sharing>Publish</sharing>
                    <transportation>HLAreliable</transportation>
                    <order>TimeStamp</order>
                </attribute>
                <attribute>
                    <name>power_Imaginary_C</name>
                    <dataType>float</dataType>
                    <updateType>NA</updateType>
                    <ownership>NoTransfer</ownership>
                    <sharing>Publish</sharing>
                    <transportation>HLAreliable</transportation>
                    <order>TimeStamp</order>
                </attribute>
                <attribute>
                    <name>power_Real_A</name>
                    <dataType>float</dataType>
                    <updateType>NA</updateType>
                    <ownership>NoTransfer</ownership>
                    <sharing>Publish</sharing>
                    <transportation>HLAreliable</transportation>
                    <order>TimeStamp</order>
                </attribute>
                <attribute>
                    <name>power_Real_B</name>
                    <dataType>float</dataType>
                    <updateType>NA</updateType>
                    <ownership>NoTransfer</ownership>
                    <sharing>Publish</sharing>
                    <transportation>HLAreliable</transportation>
                    <order>TimeStamp</order>
                </attribute>
                <attribute>
                    <name>power_Real_C</name>
                    <dataType>float</dataType>
                    <updateType>NA</updateType>
                    <ownership>NoTransfer</ownership>
                    <sharing>Publish</sharing>
                    <transportation>HLAreliable</transportation>
                    <order>TimeStamp</order>
                </attribute>
                <attribute>
                    <name>status</name>
                    <dataType>boolean</dataType>
                    <updateType>NA</updateType>
                    <ownership>NoTransfer</ownership>
                    <sharing>Publish</sharing>
                    <transportation>HLAreliable</transportation>
                    <order>TimeStamp</order>
                </attribute>
                <attribute>
                    <name>type</name>
                    <dataType>String</dataType>
                    <updateType>NA</updateType>
                    <ownership>NoTransfer</ownership>
                    <sharing>Publish</sharing>
                    <transportation>HLAreliable</transportation>
                    <order>TimeStamp</order>
                </attribute>
                <attribute>
                    <name>voltage_Imaginary_A</name>
                    <dataType>float</dataType>
                    <updateType>NA</updateType>
                    <ownership>NoTransfer</ownership>
                    <sharing>Publish</sharing>
                    <transportation>HLAreliable</transportation>
                    <order>TimeStamp</order>
                </attribute>
                <attribute>
                    <name>voltage_Imaginary_B</name>
                    <dataType>float</dataType>
                    <updateType>NA</updateType>
                    <ownership>NoTransfer</ownership>
                    <sharing>Publish</sharing>
                    <transportation>HLAreliable</transportation>
                    <order>TimeStamp</order>
                </attribute>
                <attribute>
                    <name>voltage_Imaginary_C</name>
                    <dataType>float</dataType>
                    <updateType>NA</updateType>
                    <ownership>NoTransfer</ownership>
                    <sharing>Publish</sharing>
                    <transportation>HLAreliable</transportation>
                    <order>TimeStamp</order>
                </attribute>
                <attribute>
                    <name>voltage_Real_A</name>
                    <dataType>float</dataType>
                    <updateType>NA</updateType>
                    <ownership>NoTransfer</ownership>
                    <sharing>Publish</sharing>
                    <transportation>HLAreliable</transportation>
                    <order>TimeStamp</order>
                </attribute>
                <attribute>
                    <name>voltage_Real_B</name>
                    <dataType>float</dataType>
                    <updateType>NA</updateType>
                    <ownership>NoTransfer</ownership>
                    <sharing>Publish</sharing>
                    <transportation>HLAreliable</transportation>
                    <order>TimeStamp</order>
                </attribute>
                <attribute>
                    <name>voltage_Real_C</name>
                    <dataType>float</dataType>
                    <updateType>NA</updateType>
                    <ownership>NoTransfer</ownership>
                    <sharing>Publish</sharing>
                    <transportation>HLAreliable</transportation>
                    <order>TimeStamp</order>
                </attribute>
            </objectClass>
        </objectClass>
    </objects>
    <interactions>
        <interactionClass>
            <name>InteractionRoot</name>
            <sharing>Neither</sharing>
            <transportation>HLAreliable</transportation>
            <order>TimeStamp</order>
            <interactionClass>
                <name>C2WInteractionRoot</name>
                <sharing>Neither</sharing>
                <transportation>HLAreliable</transportation>
                <order>TimeStamp</order>
                <parameter> 
                    <name>actualLogicalGenerationTime</name>
                    <dataType>double</dataType>
                </parameter>
                <parameter> 
                    <name>federateFilter</name>
                    <dataType>String</dataType>
                </parameter>
                <parameter> 
                    <name>originFed</name>
                    <dataType>String</dataType>
                </parameter>
                <parameter> 
                    <name>sourceFed</name>
                    <dataType>String</dataType>
                </parameter>
                <interactionClass>
                    <name>FederateJoinInteraction</name>
                    <sharing>Publish</sharing>
                    <transportation>HLAreliable</transportation>
                    <order>TimeStamp</order>
                    <parameter> 
                        <name>FederateId</name>
                        <dataType>String</dataType>
                    </parameter>
                    <parameter> 
                        <name>FederateType</name>
                        <dataType>String</dataType>
                    </parameter>
                    <parameter> 
                        <name>IsLateJoiner</name>
                        <dataType>boolean</dataType>
                    </parameter>
                </interactionClass>
                <interactionClass>
                    <name>FederateResignInteraction</name>
                    <sharing>Publish</sharing>
                    <transportation>HLAreliable</transportation>
                    <order>TimeStamp</order>
                    <parameter> 
                        <name>FederateId</name>
                        <dataType>String</dataType>
                    </parameter>
                    <parameter> 
                        <name>FederateType</name>
                        <dataType>String</dataType>
                    </parameter>
                    <parameter> 
                        <name>IsLateJoiner</name>
                        <dataType>boolean</dataType>
                    </parameter>
                </interactionClass>
                <interactionClass>
                    <name>SimulationControl</name>
                    <sharing>Neither</sharing>
                    <transportation>HLAreliable</transportation>
                    <order>TimeStamp</order>
                    <interactionClass>
                        <name>SimEnd</name>
                        <sharing>Subscribe</sharing>
                        <transportation>HLAreliable</transportation>
                        <order>TimeStamp</order>
                    </interactionClass>
                </interactionClass>
            </interactionClass>
        </interactionClass>
    </interactions>
    <dimensions/>
    <transportations>
        <transportation>
            <name>HLAreliable</name>
            <reliable>Yes</reliable>
            <semantics>
                Provide reliable delivery of data in the sense that TCP/IP
                delivers its data reliably
            </semantics>
        </transportation>
        <transportation>
            <name>HLAbestEffort</name>
            <reliable>No</reliable>
            <semantics>
                Make an effort to deliver data in the sense that UDP provides
                best-effort delivery
            </semantics>
        </transportation>
    </transportations>
    <switches>
        <autoProvide/>
        <conveyRegionDesignatorSets/>
        <conveyProducingFederate/>
        <attributeScopeAdvisory/>
        <attributeRelevanceAdvisory/>
        <objectClassRelevanceAdvisory/>
        <interactionRelevanceAdvisory/>
        <serviceReporting/>
        <exceptionReporting/>
        <delaySubscriptionEvaluation/>
        <automaticResignAction/>
    </switches>
    <dataTypes>
        <basicDataRepresentations>
            <basicData>
                <name>Bit</name>
                <size>1</size>
                <interpretation>Integer in the range [0, 1]</interpretation>
                <endian>Big</endian>
                <encoding>1-bit</encoding>
            </basicData>
            <basicData>
                <name>UnsignedInteger16BE</name>
                <size>16</size>
                <interpretation>Integer in the range [0, 2^16-1]</interpretation>
                <endian>Big</endian>
                <encoding>16-bit unsigned integer</encoding>
            </basicData>
        </basicDataRepresentations>
        <simpleDataTypes>
            <simpleData>
                <name>byte</name>
                <representation>HLAoctet</representation>
            </simpleData>
            <simpleData>
                <name>char</name>
                <representation>UnsignedInteger16BE</representation>
            </simpleData>
            <simpleData>
                <name>short</name>
                <representation>HLAinteger16BE</representation>
            </simpleData>
            <simpleData>
                <name>int</name>
                <representation>HLAinteger32BE</representation>
            </simpleData>
            <simpleData>
                <name>long</name>
                <representation>HLAinteger64BE</representation>
            </simpleData>
            <simpleData>
                <name>float</name>
                <representation>HLAfloat32BE</representation>
            </simpleData>
            <simpleData>
                <name>double</name>
                <representation>HLAfloat64BE</representation>
            </simpleData>
            <simpleData>
                <name>boolean</name>
                <representation>Bit</representation>
            </simpleData>
        </simpleDataTypes>
        <enumeratedDataTypes/>
        <arrayDataTypes>
            <arrayData>
                <name>String</name>
                <dataType>char</dataType>
                <cardinality>Dynamic</cardinality>
                <encoding>Specifies a sequence of characters.</encoding>
            </arrayData>
        </arrayDataTypes>
        <fixedRecordDataTypes/>
        <variantRecordDataTypes/>
    </dataTypes>

</objectModel>
