house,Tcsp,Tmass,Tair,lambda,Tau (h),UA,offset_limit,ramp,deadband,minute_delay
R4_12_47_1_tn_1_hse_1,78.02,78.02,78.24,0.087,25.06,465.33,3.142,0.7178,2.926,6
R4_12_47_1_tn_2_hse_1,77.82,77.82,77.88,0.456,22.11,504.47,4.548,1.6404,2.265,81
R4_12_47_1_tn_3_hse_1,71.48,71.48,71.83,0.364,16.32,529.06,3.631,1.4093,2.129,36
R4_12_47_1_tn_6_hse_1,74.19,74.19,73.75,0.821,17.93,273.91,3.737,2.5525,2.197,39
R4_12_47_1_tn_7_hse_1,75.92,75.92,75.69,0.692,21.18,668.06,3.128,2.2312,2.414,105
R4_12_47_1_tn_8_hse_1,74.64,74.64,74.22,0.678,17.72,287.27,3.009,2.1945,2.829,4
R4_12_47_1_tn_9_hse_1,75.82,75.82,76.15,0.581,18.26,694.79,4.762,1.9532,2.397,116
R4_12_47_1_tn_12_hse_1,76.98,76.98,76.9,0.57,12.51,187.67,3.597,1.9249,2.135,4
R4_12_47_1_tn_13_hse_1,76.03,76.03,76.47,0.868,4.85,734.32,3.299,2.6703,2.999,110
R4_12_47_1_tn_14_hse_1,73.99,73.99,73.84,0.73,17,366.61,3.72,2.325,2.012,57
R4_12_47_1_tn_15_hse_1,71.67,71.67,71.63,0.614,9.45,288.62,4.868,2.0349,2.238,1
R4_12_47_1_tn_15_hse_2,79.75,79.75,80.13,0.378,5.49,274.15,4.393,1.4444,2.312,115
R4_12_47_1_tn_15_hse_3,73.38,73.38,73.37,0.831,7.17,328.67,4.177,2.5776,2.383,81
R4_12_47_1_tn_17_hse_1,75.97,75.97,76.32,0.374,21.32,440.68,3.849,1.4354,2.207,82
R4_12_47_1_tn_17_hse_2,72.41,72.41,72,0.749,20.06,349.19,4.531,2.3717,2.94,113
R4_12_47_1_tn_17_hse_3,71.99,71.99,71.73,0.978,22.61,357.7,3.971,2.9437,2.064,41
R4_12_47_1_tn_19_hse_1,78.2,78.2,78.38,0.478,22.09,312.19,4.964,1.6959,2.148,8
R4_12_47_1_tn_20_hse_1,71.94,71.94,71.5,0.407,5.66,587.11,3.162,1.5181,2.333,7
R4_12_47_1_tn_21_hse_1,73.22,73.22,73.69,0.131,7.7,1261.43,3.541,0.8287,2.727,115
R4_12_47_1_tn_22_hse_1,79.78,79.78,79.29,0.588,7.13,519.29,3.748,1.969,2.259,80
R4_12_47_1_tn_26_hse_1,73.14,73.14,73.5,0.681,5.95,1031.71,4.072,2.2035,2.51,102
R4_12_47_1_tn_27_hse_1,73.85,73.85,74,0.757,6.01,258.58,3.655,2.3919,2.7,38
R4_12_47_1_tn_29_hse_1,72.9,72.9,72.63,0.398,6.9,270.67,4.258,1.4961,2.159,19
R4_12_47_1_tn_29_hse_2,73.57,73.57,73.33,0.327,6.91,283.12,3.908,1.3168,2.869,63
R4_12_47_1_tn_29_hse_3,76.45,76.45,76.22,0.163,6.01,320.56,3.818,0.9074,2.99,86
R4_12_47_1_tn_30_hse_1,73.18,73.18,72.89,0.361,9,169.85,3.83,1.4014,2.707,113
R4_12_47_1_tn_30_hse_2,70.85,70.85,71.1,0.058,8.9,182.09,4.38,0.6459,2.233,99
R4_12_47_1_tn_30_hse_3,74.9,74.9,74.68,0.94,11.73,158.99,4.735,2.8505,2.634,74
R4_12_47_1_tn_30_hse_4,74.56,74.56,74.15,0.592,7.9,145.88,3.55,1.9806,2.547,87
R4_12_47_1_tn_30_hse_5,74.35,74.35,74.53,0.254,11.88,170.29,3.097,1.1341,2.862,103
R4_12_47_1_tn_30_hse_6,72.41,72.41,72.55,0.373,12.15,150.67,3.016,1.4317,2.71,64
R4_12_47_1_tn_31_hse_1,78.68,78.68,78.46,0.6,7.57,255.13,4.294,2.001,2.003,48
R4_12_47_1_tn_31_hse_2,73.35,73.35,73.45,0.887,6.18,291.76,4.247,2.7174,2.41,91
R4_12_47_1_tn_31_hse_3,77.89,77.89,78.26,0.16,7.03,286.25,3.6,0.9012,2.952,73
R4_12_47_1_tn_31_hse_4,79.56,79.56,79.56,0.529,7.55,221.74,4.345,1.8223,2.898,7
R4_12_47_1_tn_31_hse_5,71.37,71.37,71.76,0.456,5.82,297.13,3.736,1.6413,2.515,22
R4_12_47_1_tn_31_hse_6,76.52,76.52,76.99,0.698,8.22,279.81,4.529,2.2456,2.89,90
R4_12_47_1_tn_32_hse_1,79.74,79.74,79.87,0.38,8.07,239.5,3.8,1.4508,2.983,34
R4_12_47_1_tn_32_hse_2,73.38,73.38,73.01,0.857,8.26,303.53,3.847,2.6428,2.98,75
R4_12_47_1_tn_32_hse_3,72.82,72.82,72.36,0.11,7.15,312.67,4.074,0.7762,2.726,105
R4_12_47_1_tn_33_hse_1,75.55,75.55,75.29,0.365,17.68,442.94,4.048,1.4127,2.404,57
R4_12_47_1_tn_33_hse_2,70.01,70.01,69.68,0.773,16.12,532.55,4.119,2.4336,2.162,40
R4_12_47_1_tn_33_hse_3,72.89,72.89,73.22,0.365,17.57,412.97,4.519,1.4114,2.987,87
R4_12_47_1_tn_34_hse_1,74.23,74.23,74.51,0.882,10.07,345.43,3.163,2.7047,2.613,27
R4_12_47_1_tn_34_hse_2,79.08,79.08,79.51,0.336,9.43,472.06,3.889,1.3403,2.459,36
R4_12_47_1_tn_35_hse_1,72.5,72.5,72.38,0.139,9.18,758.76,4.688,0.8477,2.778,91
R4_12_47_1_tn_35_hse_2,76.05,76.05,75.69,0.242,9.56,727.76,3.784,1.1054,2.933,40
R4_12_47_1_tn_35_hse_3,75.47,75.47,75.14,0.112,6.87,744.04,4.749,0.7811,2.289,20
R4_12_47_1_tn_36_hse_1,73.68,73.68,73.31,0.116,24.85,439.51,4.211,0.7892,2.159,49
R4_12_47_1_tn_36_hse_2,73.12,73.12,73.46,0.373,14.07,464.65,3.819,1.4338,2.733,44
R4_12_47_1_tn_36_hse_3,76.68,76.68,76.4,0.963,19.38,525.68,4.2,2.908,2.34,21
R4_12_47_1_tn_37_hse_1,77.11,77.11,77.57,0.578,9.05,517.08,3.58,1.9443,2.728,26
R4_12_47_1_tn_38_hse_1,79.45,79.45,79.59,0.417,4.56,458.16,3.803,1.5417,2.628,115
R4_12_47_1_tn_39_hse_1,71.27,71.27,71.07,0.368,23.23,239.25,4.133,1.4198,2.863,117
R4_12_47_1_tn_40_hse_1,70.23,70.23,69.79,0.1,17.34,348.28,3.666,0.7493,2.043,20
R4_12_47_1_tn_40_hse_2,74.9,74.9,74.65,0.218,13.58,436.36,4.63,1.0442,2.728,117
R4_12_47_1_tn_40_hse_3,74.43,74.43,74.91,0.73,10.79,398.07,3.965,2.3246,2.317,101
R4_12_47_1_tn_40_hse_4,74.76,74.76,74.9,0.922,10.59,410.29,4.118,2.8057,2.724,114
R4_12_47_1_tn_40_hse_5,71.74,71.74,72.07,0.01,16.18,434.87,4.186,0.5252,2.677,108
R4_12_47_1_tn_41_hse_1,78.9,78.9,78.92,0.589,11.03,480.74,3.487,1.9716,2.489,0
R4_12_47_1_tn_41_hse_2,72.9,72.9,73.26,0.35,11.6,502.84,4.439,1.375,2.965,44
R4_12_47_1_tn_41_hse_3,75.87,75.87,75.45,0.484,11.04,582.41,3.027,1.7094,2.266,97
R4_12_47_1_tn_41_hse_4,77.88,77.88,77.57,0.152,8.2,567.07,4.718,0.8801,2.966,91
R4_12_47_1_tn_41_hse_5,71.6,71.6,71.75,0.043,10.21,544.53,4.235,0.6073,2.861,18
R4_12_47_1_tn_42_hse_1,77.16,77.16,76.88,0.828,5.71,325.86,3.532,2.5704,2.929,66
R4_12_47_1_tn_42_hse_2,73.04,73.04,72.55,0.553,5.88,260.57,4.633,1.8815,2.906,45
R4_12_47_1_tn_42_hse_3,72.95,72.95,72.83,0.729,6.82,314.53,4.896,2.3214,2.281,15
R4_12_47_1_tn_43_hse_1,74.49,74.49,74.55,0.8,17.29,499.24,3.537,2.5006,2.231,9
R4_12_47_1_tn_43_hse_2,77.8,77.8,77.55,0.388,14.48,453.29,3.598,1.471,2.923,119
R4_12_47_1_tn_43_hse_3,74.62,74.62,74.61,0.928,17.42,483.88,4.299,2.8199,2.707,81
R4_12_47_1_tn_44_hse_1,79.43,79.43,79.4,0.344,25.45,484.27,4.306,1.3607,2.86,78
R4_12_47_1_tn_44_hse_2,73.45,73.45,73.8,0.993,25.99,527.74,4.964,2.9817,2.983,77
R4_12_47_1_tn_44_hse_3,70.18,70.18,69.95,0.063,25.93,502.47,3.172,0.6567,2.402,5
R4_12_47_1_tn_44_hse_4,70.38,70.38,70.04,0.417,24.46,505.06,3.238,1.5438,2.598,22
R4_12_47_1_tn_45_hse_1,72.15,72.15,72.43,0.502,4.15,1112.61,4.54,1.7553,2.036,15
R4_12_47_1_tn_45_hse_2,73.82,73.82,73.49,0.32,5.71,984.74,3.663,1.3008,2.051,38
R4_12_47_1_tn_45_hse_3,77.79,77.79,78.09,0.098,4.54,677.14,4.242,0.7445,2.938,95
R4_12_47_1_tn_46_hse_1,70.53,70.53,70.27,0.823,19.99,422.97,3.684,2.5587,2.014,11
R4_12_47_1_tn_46_hse_2,75.14,75.14,74.73,0.532,21.15,365.35,3.516,1.8308,2.271,2
R4_12_47_1_tn_46_hse_3,77.23,77.23,76.96,0.767,26.58,380.27,3.743,2.4165,2.078,94
R4_12_47_1_tn_48_hse_1,77.32,77.32,77.24,0.756,26.9,478.61,3.295,2.3907,2.037,66
R4_12_47_1_tn_49_hse_1,74.08,74.08,74.43,0.318,22.01,488.76,4.112,1.2951,2.168,41
R4_12_47_1_tn_51_hse_1,71.72,71.72,71.75,0.537,4.69,815.52,4.797,1.8429,2.025,17
R4_12_47_1_tn_51_hse_2,77.58,77.58,77.61,0.751,3.87,716.25,3.51,2.3763,2.299,65
R4_12_47_1_tn_52_hse_1,76.76,76.76,76.39,0.704,23.41,460.16,3.794,2.261,2.132,15
R4_12_47_1_tn_56_hse_1,76.96,76.96,77.35,0.983,14.23,591.67,3.61,2.9586,2.938,84
R4_12_47_1_tn_57_hse_1,76.02,76.02,75.67,0.14,15.1,588.04,4.03,0.8511,2.474,45
R4_12_47_1_tn_58_hse_1,79.17,79.17,78.84,0.983,23.35,513.68,4.801,2.9582,2.359,26
R4_12_47_1_tn_60_hse_1,77.7,77.7,77.45,0.198,5.89,1132.84,3.091,0.995,2.589,4
R4_12_47_1_tn_61_hse_1,76.16,76.16,76.02,0.428,19.28,476.35,4.117,1.5709,2.15,88
R4_12_47_1_tn_62_hse_1,74.3,74.3,74.33,0.298,15.9,545.63,3.962,1.2456,2.194,86
R4_12_47_1_tn_62_hse_2,74.41,74.41,74.56,0.042,18.59,442.62,4.377,0.6061,2.641,100
R4_12_47_1_tn_63_hse_1,72.04,72.04,71.98,0.77,13.42,783.23,4.257,2.4245,2.74,45
R4_12_47_1_tn_64_hse_1,74.97,74.97,75.4,0.453,8.1,814.67,4.497,1.6316,2.099,61
R4_12_47_1_tn_65_hse_1,77.6,77.6,77.34,0.393,10.26,923.8,3.766,1.4828,2.417,55
R4_12_47_1_tn_66_hse_1,72.88,72.88,73.06,0.307,9.67,426.89,4.556,1.2688,2.845,38
R4_12_47_1_tn_67_hse_1,75.95,75.95,75.66,0.078,15.76,326.22,4.598,0.695,2.961,10
R4_12_47_1_tn_68_hse_1,73.59,73.59,73.96,0.555,19.88,609.2,3.858,1.888,2.596,32
R4_12_47_1_tn_68_hse_2,77.75,77.75,77.92,0.828,13.09,667.4,4.345,2.5712,2.431,15
R4_12_47_1_tn_69_hse_1,71.85,71.85,71.38,0.42,7.82,532.89,4.132,1.5506,2.11,116
R4_12_47_1_tn_69_hse_2,79.67,79.67,79.33,0.204,10.1,572.1,3.31,1.0104,2.845,65
R4_12_47_1_tn_70_hse_1,78.71,78.71,78.5,0.427,7.87,768.51,3.643,1.5665,2.11,97
R4_12_47_1_tn_71_hse_1,77.41,77.41,77.32,0.27,12.86,797.83,3.383,1.1762,2.009,26
R4_12_47_1_tn_72_hse_1,70.16,70.16,69.95,0.701,7.28,612.33,4.948,2.2516,2.084,84
R4_12_47_1_tn_72_hse_2,70.1,70.1,70.01,0.073,9.67,718.27,4.959,0.6815,2.544,72
R4_12_47_1_tn_72_hse_3,79.85,79.85,79.96,0.547,8.15,616.46,3.556,1.8674,2.837,24
R4_12_47_1_tn_73_hse_1,77.01,77.01,77.04,0.013,21.65,475.8,3.976,0.5333,2.608,23
R4_12_47_1_tn_73_hse_2,79.29,79.29,79.67,0.844,24.78,498.24,4.724,2.6108,2.302,56
R4_12_47_1_tn_73_hse_3,76.73,76.73,76.53,0.321,27.15,505.75,3.224,1.3036,2.477,101
R4_12_47_1_tn_73_hse_4,75.17,75.17,75.28,0.955,20.05,476.69,4.73,2.8877,2.454,69
R4_12_47_1_tn_74_hse_1,76.46,76.46,76.64,0.118,13.5,610.6,4.874,0.7951,2.084,17
R4_12_47_1_tn_74_hse_2,72.57,72.57,72.55,0.512,9.73,605.82,4.494,1.7809,2.826,48
R4_12_47_1_tn_74_hse_3,75.25,75.25,74.81,0.13,14.09,558.76,3.537,0.8244,2.684,116
R4_12_47_1_tn_75_hse_1,74.11,74.11,74.51,0.015,16.98,521.11,4.648,0.5374,2.148,32
R4_12_47_1_tn_75_hse_2,77.25,77.25,77.74,0.582,13.14,490.39,3.988,1.9547,2.714,98
R4_12_47_1_tn_75_hse_3,71.44,71.44,70.97,0.941,13.82,441.15,3.61,2.8536,2.963,54
R4_12_47_1_tn_76_hse_1,72.09,72.09,72.53,0.359,10.05,606.72,3.751,1.3978,2.342,78
R4_12_47_1_tn_76_hse_2,79.81,79.81,79.4,0.605,11.47,635.99,3.501,2.0126,2.523,56
R4_12_47_1_tn_76_hse_3,74.95,74.95,75.26,0.181,10.58,652.16,3.07,0.9517,2.904,84
R4_12_47_1_tn_77_hse_1,72.28,72.28,72.41,0.979,7.97,705.92,4.074,2.9471,2.769,12
R4_12_47_1_tn_78_hse_1,79.12,79.12,78.81,0,6.87,641.37,4.516,0.5002,2.253,35
R4_12_47_1_tn_79_hse_1,72.98,72.98,72.61,0.665,19.98,409.77,4.037,2.163,2.409,106
R4_12_47_1_tn_82_hse_1,73.05,73.05,73.16,0.366,10.13,869.38,4.411,1.4142,2.295,69
R4_12_47_1_tn_83_hse_1,74.6,74.6,74.85,0.74,10.75,550.73,4.361,2.3499,2.975,53
R4_12_47_1_tn_84_hse_1,72.71,72.71,72.76,0.435,13.16,711.65,3.059,1.5874,2.393,26
R4_12_47_1_tn_85_hse_1,72.55,72.55,72.89,0.817,11.79,461.75,3.64,2.5421,2.176,13
R4_12_47_1_tn_86_hse_1,77.02,77.02,76.77,0.311,8.67,852.56,4.181,1.2786,2.033,63
R4_12_47_1_tn_88_hse_1,76.24,76.24,76.26,0.014,8.2,297.99,4.975,0.5341,2.356,89
R4_12_47_1_tn_88_hse_2,75.27,75.27,75.32,0.585,9.36,252.06,4.912,1.9626,2.632,79
R4_12_47_1_tn_88_hse_3,76.08,76.08,75.77,0.941,8.66,292.81,4.29,2.8524,2.532,71
R4_12_47_1_tn_88_hse_4,76.02,76.02,76.21,0.218,5.69,272.43,4.924,1.0439,2.965,70
R4_12_47_1_tn_88_hse_5,72.04,72.04,71.86,0.072,8.61,285.63,4.338,0.6812,2.916,90
R4_12_47_1_tn_89_hse_1,72.03,72.03,71.85,0.366,7.96,703.5,4.393,1.4158,2.844,98
R4_12_47_1_tn_89_hse_2,72.96,72.96,72.95,0.454,8.57,671.14,4.163,1.6358,2.28,18
R4_12_47_1_tn_89_hse_3,70.03,70.03,69.92,0.724,7.46,779.21,3.689,2.3108,2.016,5
R4_12_47_1_tn_90_hse_1,75.3,75.3,75.08,0.621,7.29,427.26,4.007,2.0521,2.911,58
R4_12_47_1_tn_90_hse_2,79.69,79.69,79.5,0.502,6.52,518.46,3.573,1.754,2.425,66
R4_12_47_1_tn_90_hse_3,72.52,72.52,72.56,0.838,6.84,406.52,4.246,2.5956,2.625,3
R4_12_47_1_tn_90_hse_4,70.4,70.4,70.3,0.776,9.29,366.48,3.583,2.4408,2.227,105
R4_12_47_1_tn_91_hse_1,79.43,79.43,79.32,0.517,12.77,460.74,4.457,1.7918,2.944,85
R4_12_47_1_tn_91_hse_2,76.73,76.73,76.67,0.186,13.9,449.3,3.99,0.9655,2.288,96
R4_12_47_1_tn_91_hse_3,73.44,73.44,73.21,0.775,14.42,448.77,4.545,2.4372,2.587,93
R4_12_47_1_tn_92_hse_1,73.06,73.06,72.99,0.81,8.92,323.68,3.011,2.5257,2.463,70
R4_12_47_1_tn_92_hse_2,76.91,76.91,77.08,0.719,9.32,358.61,4.508,2.2977,2.15,60
R4_12_47_1_tn_92_hse_3,72.28,72.28,72.06,0.952,8.78,264.34,3.053,2.8803,2.589,4
R4_12_47_1_tn_93_hse_1,71.41,71.41,71.58,0.017,15.9,588.98,4.117,0.5426,2.403,5
R4_12_47_1_tn_94_hse_1,71.49,71.49,71.94,0.724,4.45,704.18,4.405,2.3108,2.472,36
R4_12_47_1_tn_95_hse_1,78.96,78.96,78.57,0.957,7.55,898.67,4.724,2.8914,2.216,39
R4_12_47_1_tn_96_hse_1,79.46,79.46,79.07,0.604,12.62,844,3.382,2.0101,2.054,17
R4_12_47_1_tn_96_hse_2,71.21,71.21,71.17,0.115,15.4,814.15,4.013,0.7878,2.879,44
R4_12_47_1_tn_97_hse_1,74.11,74.11,74.44,0.072,11.16,1005.13,4.001,0.6802,2.315,72
R4_12_47_1_tn_98_hse_1,74.65,74.65,74.52,0.719,10.05,604.61,4.614,2.297,2.425,17
R4_12_47_1_tn_99_hse_1,70.65,70.65,70.19,0.715,6.85,686.37,4.568,2.2873,2.155,73
R4_12_47_1_tn_100_hse_1,75.42,75.42,75.27,0.093,11.99,883.95,3.911,0.7317,2.845,82
R4_12_47_1_tn_101_hse_1,73.78,73.78,73.74,0.447,19.13,554.11,4.55,1.6188,2.058,17
R4_12_47_1_tn_101_hse_2,77.81,77.81,77.71,0.964,15.83,451.81,3.519,2.9101,2.738,33
R4_12_47_1_tn_104_hse_1,76.33,76.33,76.56,0.374,6.38,1151.72,4.313,1.4346,2.199,82
R4_12_47_1_tn_105_hse_1,70.78,70.78,70.47,0.918,23.86,527.55,3.583,2.795,2.288,90
R4_12_47_1_tn_110_hse_1,70.83,70.83,70.47,0.665,23.39,384.89,3.316,2.1627,2.076,14
R4_12_47_1_tn_111_hse_1,78.11,78.11,77.97,0.233,9.91,883.51,4.225,1.0815,2.593,6
R4_12_47_1_tn_111_hse_2,75.49,75.49,75.31,0.468,11.19,890.33,4.893,1.6706,2.079,65
R4_12_47_1_tn_113_hse_1,78.54,78.54,78.71,0.462,19.71,554.85,3.249,1.6544,2.309,29
R4_12_47_1_tn_113_hse_2,72.64,72.64,72.68,0.222,21.87,567.52,3.583,1.0553,2.51,35
R4_12_47_1_tn_114_hse_1,78.34,78.34,78.37,0.138,8.21,960.58,4.029,0.8443,2.633,109
R4_12_47_1_tn_116_hse_1,79.73,79.73,79.29,0.186,24.97,439.63,3.01,0.9658,2.278,98
R4_12_47_1_tn_118_hse_1,75.36,75.36,75.71,0.818,5.74,801.69,3.246,2.5457,2.552,8
R4_12_47_1_tn_119_hse_1,74.82,74.82,75.07,0.27,13.47,955.61,5,1.1747,2.932,110
R4_12_47_1_tn_121_hse_1,70.9,70.9,70.96,0.389,21.12,445.58,3.216,1.4715,2.349,91
R4_12_47_1_tn_122_hse_1,71.95,71.95,72.03,0.825,8.04,580.69,3.662,2.5633,2.194,21
R4_12_47_1_tn_123_hse_1,73.98,73.98,74.04,0.735,19.57,352.45,4.885,2.3387,2.97,118
R4_12_47_1_tn_123_hse_2,72.53,72.53,72.39,0.106,19.95,298.07,4.924,0.7655,2.648,13
R4_12_47_1_tn_123_hse_3,75.97,75.97,75.63,0.922,19.31,354.96,4.869,2.8039,2.967,43
R4_12_47_1_tn_123_hse_4,74.85,74.85,74.47,0.493,17.83,402.27,4.519,1.7323,2.66,89
R4_12_47_1_tn_124_hse_1,71.26,71.26,70.81,0.868,10.34,760.32,4.329,2.6692,2.034,83
R4_12_47_1_tn_124_hse_2,73.87,73.87,73.94,0.268,13.6,724.27,3.73,1.1692,2.801,117
R4_12_47_1_tn_124_hse_3,73.7,73.7,73.67,0.082,13.32,693.89,4.121,0.7062,2.774,33
R4_12_47_1_tn_125_hse_1,76.44,76.44,76.52,0.059,11.16,625.4,4.657,0.6466,2.166,39
R4_12_47_1_tn_125_hse_2,73.29,73.29,72.94,0.953,7.42,600.34,4.268,2.8823,2.698,52
R4_12_47_1_tn_125_hse_3,70.77,70.77,70.74,0.331,7.45,607.52,4.156,1.3268,2.677,2
R4_12_47_1_tn_125_hse_4,73.24,73.24,73.14,0.414,11.2,614.17,4.493,1.5356,2.593,3
R4_12_47_1_tn_127_hse_1,76.76,76.76,76.76,0.383,15.5,310.15,4.784,1.4571,2.253,29
R4_12_47_1_tn_129_hse_1,72.15,72.15,72.39,0.665,4.4,921.26,4.588,2.1617,2.844,117
R4_12_47_1_tn_130_hse_1,74.6,74.6,74.9,0.162,9.13,360.35,4.938,0.9044,2.611,45
R4_12_47_1_tn_133_hse_1,79.16,79.16,79.31,0.335,4.92,577.1,3.405,1.3364,2.567,27
R4_12_47_1_tn_137_hse_1,71.33,71.33,70.87,0.195,17.39,517.87,3.324,0.9864,2.8,112
R4_12_47_1_tn_138_hse_1,79.66,79.66,79.43,0.646,12.28,860.06,4.93,2.1161,2.621,27
R4_12_47_1_tn_139_hse_1,72.79,72.79,72.35,0.397,19.07,418.26,3.925,1.492,2.173,96
R4_12_47_1_tn_145_hse_1,75.75,75.75,75.92,0.72,5.26,612.08,4.857,2.2996,2.595,9
R4_12_47_1_tn_146_hse_1,78.54,78.54,79.04,0.661,10.22,821.93,3.869,2.1529,2.275,115
R4_12_47_1_tn_149_hse_1,78.46,78.46,78.73,0.729,17.68,507.18,3.75,2.3225,2.168,62
R4_12_47_1_tn_153_hse_1,78.48,78.48,78.04,0.156,25.45,520.52,4.495,0.8893,2.829,47
R4_12_47_1_tn_155_hse_1,70.73,70.73,71.18,0.97,18.19,524.61,4.181,2.9248,2.864,100
R4_12_47_1_tn_158_hse_1,79.49,79.49,79.23,0.738,13.92,780.29,4.471,2.3447,2.648,46
R4_12_47_1_tn_159_hse_1,77.35,77.35,77.72,0.294,4.37,858.76,3.703,1.235,2.902,97
R4_12_47_1_tn_163_hse_1,78.22,78.22,77.75,0.451,15.35,353.21,4.928,1.6281,2.16,1
R4_12_47_1_tn_164_hse_1,70.39,70.39,70.32,0.881,7.84,311.34,3.991,2.7029,2.691,41
R4_12_47_1_tn_165_hse_1,71.21,71.21,71.7,0.296,20.48,434.73,4.973,1.2403,2.957,87
R4_12_47_1_tn_166_hse_1,71.71,71.71,72.09,0.728,8.83,689.93,5,2.3212,2.562,34
R4_12_47_1_tn_166_hse_2,72.61,72.61,72.59,0.812,11.06,616.5,4.092,2.5305,2.354,34
R4_12_47_1_tn_166_hse_3,79.02,79.02,79.44,0.811,8.39,577.35,4.078,2.5284,2.257,17
R4_12_47_1_tn_167_hse_1,72.78,72.78,72.4,0.311,6.51,289.1,3.054,1.2787,2.023,76
R4_12_47_1_tn_170_hse_1,74.59,74.59,74.56,0.685,12.86,506.75,4.032,2.2123,2.347,2
R4_12_47_1_tn_171_hse_1,77.17,77.17,77,0.003,8.14,153,3.643,0.5069,2.225,26
R4_12_47_1_tn_172_hse_1,74.72,74.72,75.13,0.526,18.09,441.48,4.524,1.8153,2.789,101
R4_12_47_1_tn_173_hse_1,78.82,78.82,78.58,0.782,8.99,255.43,4.703,2.4543,2.133,43
R4_12_47_1_tn_174_hse_1,71.47,71.47,71.82,0.633,13.52,333.5,4.083,2.0823,2.368,74
R4_12_47_1_tn_175_hse_1,72.92,72.92,73.31,0.836,23.14,479.72,3.833,2.5899,2.684,14
R4_12_47_1_tn_176_hse_1,72.42,72.42,72.44,0.024,15.85,291.03,4.705,0.5613,2.192,34
R4_12_47_1_tn_179_hse_1,71.8,71.8,72.12,0.341,5.56,672.48,3.65,1.3515,2.279,79
R4_12_47_1_tn_180_hse_1,78.92,78.92,78.56,0.25,16.8,248.2,4.791,1.1253,2.697,86
R4_12_47_1_tn_181_hse_1,75.54,75.54,75.47,0.784,15.08,575.78,3.5,2.4591,2.191,104
R4_12_47_1_tn_182_hse_1,79.18,79.18,78.85,0.818,14.67,357.08,4.917,2.5451,2.257,84
R4_12_47_1_tn_182_hse_2,79.78,79.78,80.26,0.519,17.28,420.32,4.928,1.7974,2.019,27
R4_12_47_1_tn_182_hse_3,73.38,73.38,73.01,0.449,20.92,382.72,3.426,1.6231,2.577,32
R4_12_47_1_tn_185_hse_1,76.16,76.16,75.88,0.342,5.95,1397.93,3.142,1.356,2.778,9
R4_12_47_1_tn_186_hse_1,75.99,75.99,76.05,0.779,12.48,576.57,4.559,2.4471,2.489,33
R4_12_47_1_tn_187_hse_1,76.89,76.89,76.67,0.627,17.78,502.6,3.432,2.0663,2.567,50
R4_12_47_1_tn_188_hse_1,73.39,73.39,73.34,0.688,14.46,591.01,4.617,2.2203,2.335,91
R4_12_47_1_tn_188_hse_2,79.31,79.31,79.03,0.22,10.91,615.36,3.187,1.0511,2.391,87
R4_12_47_1_tn_188_hse_3,76.34,76.34,76.25,0.336,12.24,547.81,4.587,1.3392,2.005,68
R4_12_47_1_tn_189_hse_1,79.04,79.04,78.57,0.904,24.02,524.98,3.79,2.7603,2.942,50
R4_12_47_1_tn_190_hse_1,70.08,70.08,70.15,0.17,16.47,523.05,4.484,0.926,2.672,72
R4_12_47_1_tn_190_hse_2,74.86,74.86,74.58,0.216,16,489.15,4.215,1.0395,2.394,102
R4_12_47_1_tn_190_hse_3,74.2,74.2,74.04,0.066,21.29,484.79,3.09,0.666,2.806,91
R4_12_47_1_tn_191_hse_1,78.67,78.67,78.82,0.676,8.59,1068.99,4.08,2.1904,2.705,41
R4_12_47_1_tn_192_hse_1,74.48,74.48,74.07,0.397,12.25,957.75,3.594,1.4923,2.946,111
R4_12_47_1_tn_192_hse_2,75.6,75.6,75.95,0.88,12.29,1011.71,3,2.7008,2.053,72
R4_12_47_1_tn_193_hse_1,71.35,71.35,71.36,0.748,19.79,327.19,3.455,2.3711,2.218,59
R4_12_47_1_tn_193_hse_2,74.43,74.43,74.05,0.438,17.67,429.6,3.127,1.5945,2.299,40
R4_12_47_1_tn_193_hse_3,79.65,79.65,79.91,0.769,16.69,450.8,3.632,2.4218,2.601,116
R4_12_47_1_tn_194_hse_1,79.1,79.1,79.42,0.861,22.7,376.91,3.031,2.6533,2.152,30
R4_12_47_1_tn_194_hse_2,71.84,71.84,72.03,0.236,25.38,406.38,4.715,1.0911,2.985,30
R4_12_47_1_tn_194_hse_3,79.88,79.88,79.5,0.142,18.1,441.88,4.081,0.8554,2.153,42
R4_12_47_1_tn_195_hse_1,74.4,74.4,74.43,0.733,21.66,421.66,4.901,2.3322,2.091,1
R4_12_47_1_tn_199_hse_1,71.9,71.9,71.52,0.405,19.26,379.42,3.376,1.5117,2.242,25
R4_12_47_1_tn_199_hse_2,75.64,75.64,75.5,0.195,25.5,444.34,4.974,0.9878,2.642,88
R4_12_47_1_tn_201_hse_1,79.15,79.15,79.09,0.447,23.12,459.62,4.957,1.6188,2.269,20
R4_12_47_1_tn_204_hse_1,79.57,79.57,79.21,0.151,12.97,681.19,3.028,0.8766,2.267,65
R4_12_47_1_tn_206_hse_1,71.24,71.24,71.61,0.568,12.9,292.15,3.984,1.9204,2.961,103
R4_12_47_1_tn_210_hse_1,78.19,78.19,78.41,0.094,14.6,558.09,3.078,0.7352,2.426,78
R4_12_47_1_tn_210_hse_2,73.59,73.59,73.91,0.417,13.51,461.59,3.456,1.542,2.6,69
R4_12_47_1_tn_210_hse_3,74.65,74.65,74.32,0.152,14.97,512.09,3.351,0.8814,2.774,23
R4_12_47_1_tn_211_hse_1,78.83,78.83,78.53,0.722,19.08,686.75,3.259,2.3057,2.944,101
R4_12_47_1_tn_212_hse_1,74.95,74.95,75.14,0.523,13.75,311.14,3.828,1.8065,2.572,78
R4_12_47_1_tn_213_hse_1,73.89,73.89,74.02,0.51,9.63,537.85,3.664,1.7761,2.5,102
R4_12_47_1_tn_216_hse_1,76.01,76.01,76.35,0.718,18.99,253.8,4.864,2.2957,2.284,114
R4_12_47_1_tn_217_hse_1,75.32,75.32,75.57,0.503,9.55,1119.88,3.228,1.7581,2.514,99
R4_12_47_1_tn_218_hse_1,79.76,79.76,79.26,0.161,5.69,746.95,3.511,0.9021,2.517,112
R4_12_47_1_tn_219_hse_1,75.59,75.59,75.21,0.132,22.82,553.94,4.764,0.8293,2.333,109
R4_12_47_1_tn_220_hse_1,70.66,70.66,70.8,0.035,8.44,507.16,4.443,0.5873,2.841,116
R4_12_47_1_tn_221_hse_1,71.77,71.77,71.38,0.904,10.02,1047.43,4.818,2.761,2.801,33
R4_12_47_1_tn_222_hse_1,75.64,75.64,75.7,0.483,14.49,321.3,3.677,1.7067,2.415,8
R4_12_47_1_tn_225_hse_1,79.91,79.91,79.76,0.135,12.36,1006.28,4.936,0.8372,2.775,54
R4_12_47_1_tn_227_hse_1,73.3,73.3,73.26,0.627,17.66,545.98,4.002,2.0676,2.884,32
R4_12_47_1_tn_229_hse_1,75.36,75.36,75.7,0.749,7.42,621.92,3.536,2.3726,2.502,19
R4_12_47_1_tn_229_hse_2,73.46,73.46,73.93,0.042,8.3,664.58,3.733,0.6063,2.577,106
R4_12_47_1_tn_229_hse_3,71.12,71.12,71.37,0.65,9.58,672.64,3.591,2.1248,2.907,74
R4_12_47_1_tn_232_hse_1,74.85,74.85,75.15,0.12,7.24,258.23,3.016,0.7991,2.252,58
R4_12_47_1_tn_232_hse_2,74.98,74.98,75.17,0.045,9.61,303.56,3.515,0.6116,2.652,22
R4_12_47_1_tn_232_hse_3,77.56,77.56,77.64,0.032,8.45,253.83,4.272,0.5809,2.026,110
R4_12_47_1_tn_234_hse_1,75.17,75.17,75.34,0.511,10.77,465.99,3.652,1.777,2.926,94
R4_12_47_1_tn_235_hse_1,78.07,78.07,78.46,0.672,25.48,529.27,3.24,2.1804,2.802,61
R4_12_47_1_tn_237_hse_1,78.82,78.82,78.42,0.474,16.26,402.53,3.435,1.6851,2.609,86
R4_12_47_1_tn_237_hse_2,76.71,76.71,76.55,0.625,19.06,499.67,4.045,2.0637,2.659,94
R4_12_47_1_tn_237_hse_3,77.61,77.61,77.57,0.755,14.35,431.74,3.863,2.3872,2.754,31
R4_12_47_1_tn_240_hse_1,77.04,77.04,76.93,0.641,8.5,910.08,3.128,2.1031,2.615,90
R4_12_47_1_tn_240_hse_2,73.64,73.64,73.24,0.187,8.47,658.33,4.109,0.9682,2.12,86
R4_12_47_1_tn_240_hse_3,72.35,72.35,72.81,0.129,7.99,885.64,3.481,0.8229,2.25,38
R4_12_47_1_tn_241_hse_1,79.69,79.69,79.26,0.277,17.16,332.25,3.257,1.1916,2.957,105
R4_12_47_1_tn_241_hse_2,75.86,75.86,75.36,0.898,22.63,421.42,4.542,2.7438,2.669,72
R4_12_47_1_tn_241_hse_3,73.72,73.72,73.76,0.313,19.95,350.9,3.532,1.2826,2.33,90
R4_12_47_1_tn_243_hse_1,78.22,78.22,78.19,0.467,15.84,489.1,4.055,1.6674,2.899,28
R4_12_47_1_tn_243_hse_2,70.66,70.66,70.45,0.593,21.42,450.96,3.968,1.9818,2.881,14
R4_12_47_1_tn_243_hse_3,72.65,72.65,72.46,0.193,13.12,487.67,4.402,0.9827,2.002,52
R4_12_47_1_tn_244_hse_1,78.18,78.18,78.2,0.814,22.76,440.73,3.39,2.5355,2.528,21
R4_12_47_1_tn_246_hse_1,77.64,77.64,77.64,0.078,7.93,253.52,4.219,0.696,2.255,35
R4_12_47_1_tn_246_hse_2,77.21,77.21,77.1,0.324,7.33,243.15,4.884,1.3112,2.242,79
R4_12_47_1_tn_246_hse_3,76.06,76.06,75.71,0.747,9.54,267.42,3.909,2.3687,2.993,29
R4_12_47_1_tn_247_hse_1,71.43,71.43,71.74,0.277,7.85,543.1,3.102,1.1921,2.239,117
R4_12_47_1_tn_248_hse_1,72.81,72.81,73.03,0.134,7.86,415.64,4.373,0.8356,2.322,50
R4_12_47_1_tn_249_hse_1,74.28,74.28,74.39,0.689,6.35,1288.19,4.476,2.2232,2.776,14
R4_12_47_1_tn_251_hse_1,74.93,74.93,74.95,0.301,12.9,587.17,4.554,1.2519,2.661,65
R4_12_47_1_tn_251_hse_2,77.1,77.1,77.42,0.766,12.16,517.69,4.707,2.416,2.346,102
R4_12_47_1_tn_251_hse_3,71.34,71.34,70.85,0.664,14.56,518.37,3.586,2.1601,2.078,38
R4_12_47_1_tn_253_hse_1,74.35,74.35,74.2,0.741,21.25,363.68,3.809,2.3535,2.919,99
R4_12_47_1_tn_253_hse_2,73.64,73.64,73.64,0.64,19.69,395.56,4.059,2.1001,2.211,30
R4_12_47_1_tn_253_hse_3,72.06,72.06,72.5,0.812,20.35,473.67,4.826,2.5309,2.786,86
R4_12_47_1_tn_255_hse_1,70.23,70.23,70.51,0.365,10.69,665.98,3.282,1.4132,2.884,2
R4_12_47_1_tn_255_hse_2,75.65,75.65,75.17,0.667,9.2,561.42,4.766,2.1669,2.813,63
R4_12_47_1_tn_255_hse_3,76.8,76.8,76.71,0.963,8.25,599.21,3.83,2.9062,2.663,62
R4_12_47_1_tn_256_hse_1,72.08,72.08,72.39,0.57,21.45,489.59,3.043,1.9239,2.745,68
R4_12_47_1_tn_256_hse_2,70.78,70.78,70.54,0.392,21.75,470.52,3.612,1.479,2.485,85
R4_12_47_1_tn_257_hse_1,74.85,74.85,75.04,0.8,5.96,726.25,3.739,2.501,2.579,68
R4_12_47_1_tn_258_hse_1,73.09,73.09,73.09,0.235,10.45,1029.98,3.436,1.0886,2.693,107
R4_12_47_1_tn_259_hse_1,78.91,78.91,79.26,0.289,5.58,1317.14,4.157,1.2215,2.791,114
R4_12_47_1_tn_262_hse_1,77.71,77.71,78.01,0.693,9.48,319.8,4.438,2.2331,2.36,18
R4_12_47_1_tn_263_hse_1,70.51,70.51,71,0.25,11.46,769.21,4.196,1.1254,2.911,38
R4_12_47_1_tn_264_hse_1,74.39,74.39,73.98,0.392,11.69,890.38,4.034,1.4793,2.932,41
R4_12_47_1_tn_265_hse_1,72.09,72.09,72.46,1,4.75,705.75,3.342,2.9999,2.121,73
R4_12_47_1_tn_268_hse_1,77.79,77.79,77.84,0.493,20.24,397.29,4.507,1.7338,2.691,3
R4_12_47_1_tn_268_hse_2,76.73,76.73,76.83,0.668,19.92,344.85,4.641,2.17,2.658,68
R4_12_47_1_tn_268_hse_3,78.99,78.99,79.1,0.452,20.58,345.64,4.119,1.6293,2.107,55
R4_12_47_1_tn_269_hse_1,75.68,75.68,75.82,0.016,5.96,1487.25,3.092,0.5409,2.47,56
R4_12_47_1_tn_270_hse_1,74.99,74.99,75.4,0.982,9.39,1061.79,3.207,2.9555,2.355,65
R4_12_47_1_tn_271_hse_1,73.97,73.97,74.36,0.845,25.39,403.31,4.358,2.6114,2.289,57
R4_12_47_1_tn_271_hse_2,71.04,71.04,70.66,0.629,19.77,342.46,3.017,2.0723,2.749,33
R4_12_47_1_tn_271_hse_3,77.6,77.6,77.86,0.125,21.13,386.94,3.871,0.8135,2.429,92
R4_12_47_1_tn_272_hse_1,72.46,72.46,72.39,0.977,23.06,517.53,3.102,2.9417,2.718,49
R4_12_47_1_tn_273_hse_1,78.69,78.69,78.97,0.495,10.55,631.25,3.023,1.737,2.841,80
R4_12_47_1_tn_274_hse_1,76.38,76.38,76.04,0.462,5.83,921.59,3.572,1.6557,2.972,113
R4_12_47_1_tn_275_hse_1,72.7,72.7,73.19,0.171,18.11,586.67,3.533,0.9266,2.888,34
R4_12_47_1_tn_282_hse_1,77.31,77.31,77.35,0.212,17.59,485,3.448,1.0292,2.756,84
R4_12_47_1_tn_283_hse_1,79.61,79.61,79.86,0.9,28.37,314.72,4.495,2.7508,2.405,49
R4_12_47_1_tn_283_hse_2,70.44,70.44,70.19,0.658,20.92,299.58,4.69,2.1447,2.795,60
R4_12_47_1_tn_283_hse_3,78.24,78.24,78.48,0.61,16.6,360.01,3.102,2.0261,2.47,74
R4_12_47_1_tn_284_hse_1,70.83,70.83,70.94,0.665,19.16,540.37,3.661,2.1615,2.512,49
R4_12_47_1_tn_285_hse_1,74.94,74.94,74.62,0.208,10.36,915.32,4.471,1.0199,2.058,88
R4_12_47_1_tn_286_hse_1,75.67,75.67,75.82,0.347,20.15,568.29,3.59,1.3667,2.463,115
R4_12_47_1_tn_287_hse_1,71.03,71.03,71.2,0.45,10.68,742.5,4.587,1.6262,2.885,87
R4_12_47_1_tn_288_hse_1,75.66,75.66,75.37,0.029,12.4,829.71,3.675,0.572,2.917,65
R4_12_47_1_tn_289_hse_1,72.15,72.15,72.05,0.254,5.28,569.43,3.151,1.1356,2.825,58
R4_12_47_1_tn_290_hse_1,73.22,73.22,73.45,0.242,5.23,601.39,3.314,1.1039,2.469,37
R4_12_47_1_tn_291_hse_1,78.68,78.68,78.76,0.05,24.06,395.85,3.751,0.626,2.452,102
R4_12_47_1_tn_293_hse_1,70.46,70.46,70.47,0.276,11.91,716.34,4.356,1.1904,2.61,52
R4_12_47_1_tn_294_hse_1,79.74,79.74,79.59,0.857,12.6,581.95,3.095,2.6432,2.296,28
R4_12_47_1_tn_295_hse_1,79.32,79.32,79.2,0.583,7.7,951.48,4.583,1.9563,2.964,77
R4_12_47_1_tn_296_hse_1,71.92,71.92,72.2,0.835,13.41,631.31,4.8,2.5862,2.392,4
R4_12_47_1_tn_296_hse_2,71.63,71.63,71.86,0.026,20.02,623.17,4.381,0.5641,2.965,110
R4_12_47_1_tn_297_hse_1,79.29,79.29,79.59,0.112,15.39,753.13,4.314,0.7806,2.774,43
R4_12_47_1_tn_298_hse_1,77.08,77.08,77.51,0.601,24.84,582.42,4.185,2.0023,2.65,87
R4_12_47_1_tn_299_hse_1,78.33,78.33,78.59,0.349,15.72,708.4,4.631,1.3734,2.785,80
R4_12_47_1_tn_302_hse_1,77.34,77.34,77.03,0.86,11.44,422.61,3.415,2.6501,2.082,42
R4_12_47_1_tn_303_hse_1,78.87,78.87,78.73,0.887,5.55,1177.73,3.968,2.7162,2.744,88
R4_12_47_1_tn_304_hse_1,77.09,77.09,77.17,0.372,8.13,1110.01,3.326,1.4289,2.496,67
R4_12_47_1_tn_305_hse_1,71.85,71.85,71.46,0.061,15.05,406.27,4.488,0.6534,2.028,13
R4_12_47_1_tn_305_hse_2,79.36,79.36,79.58,0.17,19.08,378.91,3.395,0.924,2.939,5
R4_12_47_1_tn_305_hse_3,75.66,75.66,75.3,0.031,20.51,402.57,3.223,0.5784,2.007,52
R4_12_47_1_tn_306_hse_1,73,73,72.76,0.059,17.08,487.81,3.119,0.6473,2.99,40
R4_12_47_1_tn_306_hse_2,75.38,75.38,75.2,0.12,16.69,548.4,4.979,0.7993,2.765,90
R4_12_47_1_tn_306_hse_3,75.79,75.79,75.53,0.954,15.11,458.95,4.012,2.8851,2.647,119
R4_12_47_1_tn_306_hse_4,77.22,77.22,76.99,0.286,16.34,484.38,4.683,1.2139,2.959,88
R4_12_47_1_tn_307_hse_1,74.07,74.07,74.24,0.092,20.07,387.26,3.476,0.7296,2.533,51
R4_12_47_1_tn_307_hse_2,77.86,77.86,78.34,0.475,26.36,410.61,4.123,1.6874,2.845,77
R4_12_47_1_tn_307_hse_3,71.26,71.26,71.42,0.351,20.28,443.43,4.174,1.3764,2.797,68
R4_12_47_1_tn_310_hse_1,73.8,73.8,73.63,0.985,9.89,245.79,3.599,2.9612,2.509,75
R4_12_47_1_tn_311_hse_1,73.2,73.2,72.95,0.18,9.91,461.88,4.853,0.9512,2.821,7
R4_12_47_1_tn_313_hse_1,74.2,74.2,74.65,0.784,12.83,915.79,3.288,2.461,2.054,49
R4_12_47_1_tn_313_hse_2,79.6,79.6,79.68,0.202,10.18,870.63,4.522,1.0043,2.08,113
R4_12_47_1_tn_314_hse_1,72.66,72.66,72.6,0.243,20.12,506.67,3.918,1.1071,2.573,24
R4_12_47_1_tn_316_hse_1,77.6,77.6,77.97,0.222,14.69,858.69,4.613,1.054,2.364,93
R4_12_47_1_tn_319_hse_1,76.19,76.19,76.49,0.03,4.57,827.96,3.103,0.576,2.898,54
R4_12_47_1_tn_320_hse_1,76.03,76.03,75.86,0.528,8.55,442.49,4.417,1.8207,2.908,71
R4_12_47_1_tn_324_hse_1,77.74,77.74,78.16,0.34,10.97,450.59,3.967,1.3489,2.697,37
R4_12_47_1_tn_326_hse_1,76.71,76.71,76.8,0.749,13.86,445.07,4.909,2.3723,2.367,73
R4_12_47_1_tn_327_hse_1,79.61,79.61,79.51,0.256,20.66,490.97,3.956,1.1393,2.28,115
R4_12_47_1_tn_329_hse_1,78.56,78.56,78.3,0.304,6.89,443.33,3.244,1.2592,2.127,71
R4_12_47_1_tn_331_hse_1,71.96,71.96,71.78,0.59,16.21,543.5,4.999,1.9752,2.579,20
R4_12_47_1_tn_332_hse_1,74.91,74.91,74.64,0.626,11.23,221.42,3.752,2.0642,2.085,2
R4_12_47_1_tn_333_hse_1,74.15,74.15,74.08,0.216,12.71,496,4.934,1.0397,2.225,38
R4_12_47_1_tn_336_hse_1,71.31,71.31,71.49,0.029,7.77,264.35,4.547,0.5724,2.233,10
R4_12_47_1_tn_337_hse_1,77.44,77.44,77.09,0.677,13.5,409.78,4.054,2.1916,2.085,23
R4_12_47_1_tn_342_hse_1,74.11,74.11,73.67,0.369,4.51,679.97,3.289,1.4218,2.016,44
R4_12_47_1_tn_343_hse_1,77.39,77.39,77.38,0.61,20.56,488.18,4.633,2.0243,2.143,94
R4_12_47_1_tn_346_hse_1,77.79,77.79,78.13,0.187,12.63,954.52,3.218,0.968,2.913,29
R4_12_47_1_tn_348_hse_1,78.74,78.74,78.88,0.387,4.34,645.29,3.048,1.467,2.75,46
R4_12_47_1_tn_350_hse_1,74.18,74.18,74.53,0.128,21.96,458.99,4.567,0.8198,2.976,36
R4_12_47_1_tn_352_hse_1,71.63,71.63,71.29,0.777,13.28,973,4.079,2.4429,2.619,23
R4_12_47_1_tn_354_hse_1,72.44,72.44,72.32,0.554,10.81,779,4.196,1.8857,2.188,105
R4_12_47_1_tn_357_hse_1,72.02,72.02,72.34,0.886,27.18,486.46,4.581,2.7141,2.805,85
R4_12_47_1_tn_359_hse_1,73.43,73.43,73.73,0.116,4.53,915.3,3.329,0.7893,2.393,113
R4_12_47_1_tn_363_hse_1,76.66,76.66,76.59,0.767,13.5,856.64,4.327,2.4187,2.712,34
R4_12_47_1_tn_363_hse_2,79.94,79.94,80.14,0.106,16,818.96,4.694,0.7656,2.523,112
R4_12_47_1_tn_366_hse_1,79.32,79.32,78.89,0.284,17,596.18,4.039,1.2101,2.465,53
R4_12_47_1_tn_368_hse_1,70.87,70.87,70.58,0.094,12.68,595.56,3.293,0.7351,2.762,15
R4_12_47_1_tn_368_hse_2,71.54,71.54,71.97,0.011,13.52,562.15,4.058,0.5267,2.576,81
R4_12_47_1_tn_369_hse_1,77.84,77.84,77.65,0.928,12.02,539.4,3.909,2.8204,2.854,38
R4_12_47_1_tn_370_hse_1,71.43,71.43,70.95,0.756,9.64,619.56,3.797,2.3911,2.324,80
R4_12_47_1_tn_371_hse_1,71.64,71.64,71.91,0.778,19.82,529.98,4.995,2.4447,2.918,86
R4_12_47_1_tn_372_hse_1,70.1,70.1,69.83,0.485,6.58,386.95,3.443,1.7125,2.233,73
R4_12_47_1_tn_373_hse_1,71.52,71.52,71.98,0.993,7.03,1170.74,3.602,2.9815,2.069,3
R4_12_47_1_tn_375_hse_1,76.61,76.61,76.65,0.363,24.29,497.36,4.425,1.407,2.798,68
R4_12_47_1_tn_377_hse_1,77.09,77.09,76.77,0.308,9.07,1052.42,3.255,1.2697,2.231,94
R4_12_47_1_tn_380_hse_1,75.76,75.76,75.45,0.388,25.43,507.49,3.569,1.4692,2.92,20
R4_12_47_1_tn_384_hse_1,77.95,77.95,77.68,0.728,19.43,557.21,4.511,2.319,2.402,44
R4_12_47_1_tn_387_hse_1,78.46,78.46,78.4,0.191,15.58,546.6,4.611,0.9777,2.097,28
R4_12_47_1_tn_387_hse_2,72.56,72.56,72.68,0.769,15.44,563.6,4.438,2.4215,2.205,71
R4_12_47_1_tn_389_hse_1,76.2,76.2,76.48,0.148,13.65,940.24,4.029,0.8699,2.196,90
R4_12_47_1_tn_390_hse_1,71.34,71.34,71.08,0.761,9.48,761.6,3.957,2.4013,2.365,30
R4_12_47_1_tn_390_hse_2,76.33,76.33,76.79,0.361,9.73,643.32,4.329,1.402,2.551,45
R4_12_47_1_tn_390_hse_3,73.54,73.54,73.94,0.002,8.5,578,4.956,0.5058,2.382,69
R4_12_47_1_tn_391_hse_1,73.35,73.35,73.42,0.313,17.16,542.6,4.483,1.2827,2.498,33
R4_12_47_1_tn_392_hse_1,70.62,70.62,71.06,0.766,10.57,1031.25,3.055,2.4152,2.559,18
R4_12_47_1_tn_393_hse_1,77.66,77.66,77.33,0.31,6.67,701.39,4.757,1.2757,2.732,92
R4_12_47_1_tn_394_hse_1,78.16,78.16,78.11,0.927,6.97,358.48,3.098,2.8164,2.719,18
R4_12_47_1_tn_396_hse_1,71,71,70.94,0.82,4.59,737.19,3.609,2.5494,2.344,109
R4_12_47_1_tn_397_hse_1,71,71,70.84,0.882,11.81,343.8,3.917,2.7047,2.043,85
R4_12_47_1_tn_398_hse_1,70.36,70.36,70.23,0.365,7.68,1125.11,3.241,1.4138,2.455,79
R4_12_47_1_tn_398_hse_2,70.97,70.97,71.29,0.71,10,1024.7,4.775,2.2748,2.476,14
R4_12_47_1_tn_399_hse_1,79.55,79.55,79.96,0.771,21.63,475.36,4.948,2.4276,2.673,65
R4_12_47_1_tn_399_hse_2,77.31,77.31,77.81,0.993,17.85,499.01,3.436,2.9822,2.559,60
R4_12_47_1_tn_400_hse_1,79.13,79.13,79.51,0.438,15.17,562.38,4.851,1.5948,2.203,26
R4_12_47_1_tn_400_hse_2,70.76,70.76,70.3,0.298,16.91,534.17,3.449,1.2441,2.532,1
R4_12_47_1_tn_401_hse_1,75.05,75.05,74.69,0.256,6.45,774.13,3.408,1.1391,2.42,69
R4_12_47_1_tn_401_hse_2,79.77,79.77,79.97,0.817,4.84,832.33,4.28,2.5419,2.535,89
R4_12_47_1_tn_402_hse_1,72.86,72.86,73.01,0.808,12.38,855.88,4.59,2.5204,2.071,102
R4_12_47_1_tn_402_hse_2,72.16,72.16,72.14,0.004,12.02,951.45,4.427,0.5102,2.462,69
R4_12_47_1_tn_403_hse_1,78.75,78.75,79.24,0.575,14.82,738.99,3.136,1.9378,2.745,97
R4_12_47_1_tn_404_hse_1,70.38,70.38,70.47,0.215,7.57,935.75,4.044,1.0381,2.061,101
R4_12_47_1_tn_405_hse_1,70.63,70.63,70.76,0.151,7.66,1345.88,4.381,0.8789,2.226,7
R4_12_47_1_tn_406_hse_1,77.46,77.46,77.35,0.552,3.9,624.93,3.614,1.8805,2.138,86
R4_12_47_1_tn_406_hse_2,71.6,71.6,71.74,0.099,5.9,535.12,4.996,0.7472,2.263,108
R4_12_47_1_tn_407_hse_1,79.49,79.49,79.56,0.782,21.69,445.55,4.027,2.4553,2.602,87
R4_12_47_1_tn_407_hse_2,79.57,79.57,79.88,0.549,18.34,365.62,3.438,1.8725,2.661,69
R4_12_47_1_tn_408_hse_1,74.31,74.31,74.63,0.198,8.61,242.18,3.363,0.9944,2.539,19
R4_12_47_1_tn_408_hse_2,71.23,71.23,70.76,0.377,8.52,299.33,3.435,1.4429,2.571,55
R4_12_47_1_tn_408_hse_3,78.67,78.67,79.1,0.67,8.59,275.32,3.858,2.1754,2.895,61
R4_12_47_1_tn_409_hse_1,75.39,75.39,74.93,0.118,10.57,633.76,4.13,0.7944,2.229,36
R4_12_47_1_tn_409_hse_2,78.33,78.33,77.85,0.162,10.84,534.51,3.065,0.906,2.139,69
R4_12_47_1_tn_409_hse_3,73.65,73.65,73.62,0.413,10.5,604.04,3.089,1.5329,2.278,26
R4_12_47_1_tn_413_hse_1,78.62,78.62,78.86,0.509,19.74,338.93,4.545,1.773,2.407,80
R4_12_47_1_tn_413_hse_2,78,78,77.89,0.192,23.33,335.42,4.996,0.9805,2.173,114
R4_12_47_1_tn_413_hse_3,70.94,70.94,70.76,0.925,19.76,415.91,4.283,2.8136,2.621,18
R4_12_47_1_tn_414_hse_1,77.59,77.59,77.12,0.612,5.44,755.44,3.143,2.031,2.158,95
R4_12_47_1_tn_414_hse_2,74.03,74.03,74.35,0.906,5.79,875.97,4.325,2.7643,2.8,59
R4_12_47_1_tn_414_hse_3,70.87,70.87,71.31,0.353,6.2,776.65,4.633,1.3837,2.49,29
R4_12_47_1_tn_415_hse_1,71.98,71.98,72.2,0.088,18.48,382.07,4.033,0.7196,2.594,39
R4_12_47_1_tn_415_hse_2,73.19,73.19,72.98,0.361,18.77,408.23,4.831,1.4032,2.42,18
R4_12_47_1_tn_415_hse_3,75.87,75.87,75.53,0.839,14.97,478.63,3.124,2.5984,2.492,35
R4_12_47_1_tn_416_hse_1,71.54,71.54,71.38,0.634,7.83,379.12,3.342,2.0854,2.072,80
R4_12_47_1_tn_417_hse_1,73.83,73.83,74.05,0.634,13.88,225.7,3.861,2.086,2.957,3
R4_12_47_1_tn_418_hse_1,75,75,75.12,0.89,9.98,568.84,4.139,2.7237,2.642,39
R4_12_47_1_tn_418_hse_2,74.78,74.78,74.84,0.575,10.46,537.46,3.785,1.938,2.321,86
R4_12_47_1_tn_418_hse_3,76.06,76.06,76.13,0.812,11.26,680.84,3.268,2.5294,2.831,86
R4_12_47_1_tn_419_hse_1,76.19,76.19,76.21,0.001,3.63,541.2,4.993,0.5028,2.76,4
R4_12_47_1_tn_419_hse_2,77.94,77.94,77.89,0.695,6.22,562.37,4.42,2.2365,2.346,48
R4_12_47_1_tn_419_hse_3,78.97,78.97,78.94,0.736,4.57,548.57,3.336,2.3399,2.704,76
R4_12_47_1_tn_420_hse_1,76.56,76.56,76.06,0.017,11.81,607.29,3.858,0.5431,2.581,6
R4_12_47_1_tn_420_hse_2,77.06,77.06,77.35,0.487,14.81,514.37,4.448,1.7168,2.547,77
R4_12_47_1_tn_420_hse_3,72.56,72.56,72.9,0.094,11.75,537.05,4.946,0.736,2.634,81
R4_12_47_1_tn_421_hse_1,74.1,74.1,74.14,0.941,5.99,480.23,3.717,2.8512,2.131,25
R4_12_47_1_tn_421_hse_2,72.18,72.18,72,0.59,4.16,519.97,3.046,1.9759,2.702,62
R4_12_47_1_tn_421_hse_3,77.74,77.74,77.56,0.052,5.24,612.55,4.457,0.6313,2.939,29
R4_12_47_1_tn_424_hse_1,73.41,73.41,73.9,0.103,5.18,617.83,3.087,0.7577,2.953,82
R4_12_47_1_tn_426_hse_1,76.98,76.98,76.73,0.418,8.97,420.06,4.097,1.5448,2.205,102
R4_12_47_1_tn_427_hse_1,74.23,74.23,74.34,0.37,23.29,354.56,3.156,1.4252,2.248,112
R4_12_47_1_tn_427_hse_2,76.5,76.5,76.47,0.08,24.59,411.87,4.844,0.7005,2.165,23
R4_12_47_1_tn_427_hse_3,71.15,71.15,70.66,0.151,19.56,363,3.801,0.8781,2.756,36
R4_12_47_1_tn_428_hse_1,70.59,70.59,70.61,0.391,11.44,176.5,3.981,1.4769,2.033,111
R4_12_47_1_tn_428_hse_2,77.38,77.38,77.86,0.016,10.25,212.2,4.874,0.5406,2.728,74
R4_12_47_1_tn_428_hse_3,75.36,75.36,75.51,0,8.32,162.69,4.606,0.5004,2.442,22
R4_12_47_1_tn_429_hse_1,71.96,71.96,71.63,0.892,12.41,541.22,3.864,2.7308,2.132,18
R4_12_47_1_tn_429_hse_2,71.95,71.95,71.52,0.375,13.64,619.4,4.185,1.4378,2.87,19
R4_12_47_1_tn_429_hse_3,75.64,75.64,75.69,0.933,13.65,596.09,4.335,2.8331,2.987,51
R4_12_47_1_tn_430_hse_1,72.64,72.64,72.8,0.765,10.26,385.8,3.198,2.4117,2.148,57
R4_12_47_1_tn_431_hse_1,73.45,73.45,73.56,0.147,16.56,443.37,4.374,0.8679,2.93,54
R4_12_47_1_tn_432_hse_1,75.82,75.82,75.84,0.779,4.7,1011.88,3.451,2.4471,2.039,68
R4_12_47_1_tn_437_hse_1,73.84,73.84,73.78,0.943,10,619.48,3.909,2.8572,2.719,18
R4_12_47_1_tn_437_hse_2,77.75,77.75,77.99,0.264,12.64,542.54,3.877,1.1595,2.405,82
R4_12_47_1_tn_437_hse_3,72.56,72.56,72.15,0.512,8.92,663.42,4.27,1.7799,2.625,42
R4_12_47_1_tn_438_hse_1,74.86,74.86,74.63,0.185,10.47,977.92,3.35,0.9633,2.299,75
R4_12_47_1_tn_438_hse_2,79.2,79.2,79.21,0.897,9.82,915.88,4.695,2.7432,2.806,4
R4_12_47_1_tn_438_hse_3,79.23,79.23,79.61,0.376,12.29,843.84,3.929,1.4389,2.193,30
R4_12_47_1_tn_438_hse_4,70.76,70.76,70.44,0.002,7.58,922.95,4.3,0.5045,2.606,108
R4_12_47_1_tn_439_hse_1,73.88,73.88,74.04,0.366,8.49,518.3,3.892,1.4151,2.131,59
R4_12_47_1_tn_439_hse_2,71.77,71.77,71.66,0.529,10.08,413.44,3.115,1.8214,2.071,3
R4_12_47_1_tn_439_hse_3,76.13,76.13,76.17,0.043,8.86,432.95,3.831,0.6067,2.857,40
R4_12_47_1_tn_439_hse_4,78.08,78.08,78.21,0.664,7.59,373.64,3.698,2.1596,2.052,11
R4_12_47_1_tn_440_hse_1,72.71,72.71,72.8,0.108,12,551.24,4.284,0.7701,2.468,115
R4_12_47_1_tn_440_hse_2,75.29,75.29,75.4,0.414,16.32,472.43,3.213,1.5347,2.405,70
R4_12_47_1_tn_440_hse_3,74.66,74.66,74.36,0.926,15.04,447.8,4.281,2.8151,2.483,17
R4_12_47_1_tn_441_hse_1,70.94,70.94,70.52,0.366,17.61,401.52,3.149,1.4151,2.207,10
R4_12_47_1_tn_441_hse_2,71.47,71.47,71.87,0.894,17.36,463.66,3.483,2.7351,2.167,96
R4_12_47_1_tn_441_hse_3,77.35,77.35,76.96,0.979,18.95,325.89,4.792,2.9477,2.75,41
R4_12_47_1_tn_442_hse_1,74.71,74.71,74.22,0.329,22.49,394.47,4.145,1.3215,2.715,88
R4_12_47_1_tn_442_hse_2,74.59,74.59,74.87,0.555,18.12,324.77,3.747,1.8882,2.572,45
R4_12_47_1_tn_442_hse_3,71.75,71.75,71.28,0.029,17.12,329.18,3.999,0.5739,2.402,14
R4_12_47_1_tn_443_hse_1,77.29,77.29,77.38,0.224,14.81,638.12,3.85,1.0606,2.539,32
R4_12_47_1_tn_443_hse_2,78.25,78.25,78.28,0.074,15.22,653.21,4.495,0.6852,2.335,83
R4_12_47_1_tn_444_hse_1,73.43,73.43,73.52,0.762,6.68,531.19,4.127,2.4057,2.736,26
R4_12_47_1_tn_444_hse_2,74.42,74.42,74.76,0.045,8.84,490.89,3.735,0.6119,2.52,40
R4_12_47_1_tn_445_hse_1,77.15,77.15,77.17,0.306,9.82,447.73,4.235,1.2657,2.654,113
R4_12_47_1_tn_445_hse_2,76.79,76.79,76.36,0.497,9.78,478.42,4.132,1.7434,2.589,59
R4_12_47_1_tn_446_hse_1,74.3,74.3,74.3,0.617,12.33,791,3.293,2.0436,2.018,8
R4_12_47_1_tn_446_hse_2,72.76,72.76,72.83,0.905,14.81,873.32,4.693,2.7615,2.644,3
R4_12_47_1_tn_447_hse_1,70.44,70.44,70.23,0.47,29.41,451.29,3.862,1.6755,2.447,99
R4_12_47_1_tn_447_hse_2,71.09,71.09,70.71,0.127,24.6,518.18,3.913,0.8177,2.833,45
R4_12_47_1_tn_448_hse_1,72.42,72.42,72.05,0.26,14.8,818.86,4.953,1.1491,2.35,14
R4_12_47_1_tn_448_hse_2,72.06,72.06,72,0.368,11.34,996.55,4.485,1.4206,2.313,13
R4_12_47_1_tn_449_hse_1,76.55,76.55,76.98,0.504,7.54,556.48,3.052,1.7588,2.781,47
R4_12_47_1_tn_449_hse_2,73.32,73.32,72.85,0.268,6.17,530.46,4.64,1.1712,2.543,114
R4_12_47_1_tn_449_hse_3,76.22,76.22,76.39,0.711,6.93,525.35,4.713,2.2766,2.352,101
R4_12_47_1_tn_449_hse_4,75.34,75.34,74.9,0.448,8.14,648.69,4.006,1.62,2.557,102
R4_12_47_1_tn_449_hse_5,79.94,79.94,79.87,0.192,8.8,592.44,3.121,0.9806,2.107,4
R4_12_47_1_tn_452_hse_1,77.02,77.02,77.35,0.803,7.52,220.05,3.152,2.5065,2.584,59
R4_12_47_1_tn_453_hse_1,79.3,79.3,79.25,0.284,9.41,425.8,4.356,1.2113,2.477,80
R4_12_47_1_tn_455_hse_1,76.2,76.2,75.98,0.309,5.69,816.49,4.777,1.2736,2.859,47
R4_12_47_1_tn_459_hse_1,72.27,72.27,72.34,0.802,10.85,333.97,3.234,2.5048,2.812,50
R4_12_47_1_tn_460_hse_1,74.12,74.12,73.63,0.355,6.43,410.08,4.772,1.3873,2.567,50
R4_12_47_1_tn_461_hse_1,72.08,72.08,72.23,0.19,10.27,1009.76,4.015,0.9753,2.555,89
R4_12_47_1_tn_462_hse_1,73.15,73.15,73.61,0.69,6.25,860.42,4.836,2.2244,2.115,97
R4_12_47_1_tn_463_hse_1,77.1,77.1,77.09,0.628,17.1,751.58,3.583,2.0704,2.524,5
R4_12_47_1_tn_464_hse_1,77.98,77.98,78.42,0.002,12.2,959.27,3.298,0.5045,2.047,98
R4_12_47_1_tn_465_hse_1,70.67,70.67,70.53,0.27,10.09,757.81,4.497,1.1746,2.295,102
R4_12_47_1_tn_465_hse_2,77.82,77.82,77.45,0.582,8.46,754.81,3.579,1.9558,2.501,99
R4_12_47_1_tn_465_hse_3,77.99,77.99,77.98,0.316,9.44,625.38,3.857,1.2904,2.37,17
R4_12_47_1_tn_466_hse_1,74.68,74.68,75.12,0.123,7.9,787.52,4.281,0.8087,2.144,75
R4_12_47_1_tn_466_hse_2,79.03,79.03,78.91,0.384,8.81,629.61,3.941,1.4596,2.69,72
R4_12_47_1_tn_466_hse_3,77.32,77.32,77.24,0.474,6.06,707.31,4.821,1.6858,2.973,28
R4_12_47_1_tn_467_hse_1,71.49,71.49,71.88,0.03,25.88,517.63,4.197,0.5744,2.005,65
R4_12_47_1_tn_468_hse_1,76.8,76.8,77.26,0.612,5.91,658.34,4.369,2.029,2.254,82
R4_12_47_1_tn_468_hse_2,79.49,79.49,79.56,0.051,5.84,652.02,4.332,0.6278,2.085,3
R4_12_47_1_tn_468_hse_3,72.33,72.33,72.58,0.781,4.44,662.53,4.854,2.4523,2.893,91
R4_12_47_1_tn_469_hse_1,70.69,70.69,71.14,0.221,8.14,430.14,4.836,1.053,2.266,27
R4_12_47_1_tn_471_hse_1,75.29,75.29,75.41,0.216,7.61,1133.96,4.597,1.0393,2.809,70
R4_12_47_1_tn_472_hse_1,79.16,79.16,78.93,0.634,7.06,859.37,3.153,2.0848,2.313,113
R4_12_47_1_tn_473_hse_1,75.28,75.28,75.58,0.282,10.93,1013.66,3.341,1.2059,2.051,69
R4_12_47_1_tn_473_hse_2,76.96,76.96,77.35,0.456,9.73,1039.21,3.386,1.641,2.059,23
R4_12_47_1_tn_474_hse_1,76.54,76.54,76.72,0.052,22.65,580.72,4.858,0.6306,2.302,40
R4_12_47_1_tn_474_hse_2,71.39,71.39,71.02,0.209,20.81,496.09,3.936,1.0235,2.411,119
R4_12_47_1_tn_475_hse_1,77.62,77.62,77.19,0.582,16.01,834.75,3.301,1.9546,2.251,81
R4_12_47_1_tn_476_hse_1,72.73,72.73,72.64,0.681,13.95,519.56,4.418,2.2034,2.048,96
R4_12_47_1_tn_476_hse_2,76.63,76.63,76.93,0.234,19.84,446.49,4.952,1.0839,2.229,118
R4_12_47_1_tn_476_hse_3,76.11,76.11,76.07,0.677,12.35,484.67,3.553,2.1937,2.25,11
